公司名,城市, 地址
上海万业企业股份有限公司 ,上海市
, 上海市浦东大道720号9层
杭州帷盛科技有限公司 ,浙江省
, 杭州钱江经济开发区兴国路525号
武汉开来建设集团有限公司 ,湖北省
, 汉南区纱帽镇滨江路４３号
文登张家埠新港工程有限公司 ,山东省
, 山东省威海市文登区环山办米山路69号
新疆百商电线电缆有限公司 ,新疆维吾尔自治区
, 新疆乌鲁木齐经济技术开发区二期庐山街303号
江西华春色纺科技发展有限公司 ,江西省
, 江西省宜春市奉新县奉新工业园区
北京绿润食品有限公司 ,北京市
, 北京市密云县工业开发区科技路26号
泗洪光发彩印包装有限公司 ,江苏省
, 泗洪经济开发区金沙江路南侧
珠海格力海岛投资有限公司 ,广东省
, 珠海市万山区东澳岛绿岛路1号游艇俱乐部
江苏欧邦塑胶有限公司 ,江苏省
, 锦丰镇杨锦公路
梅州宝龙集团有限公司 ,广东省
, 梅州市新中路佐田大厦
北京市合利看丹混凝土有限公司 ,北京市
, 北京市丰台区看丹村看杨路
山东姜仔鸭农业产业集团有限公司 ,山东省
, 山东省泰安市东平县经济开发区
山东省博发油脂有限公司 ,山东省
, 东明县马头镇开发区
攸县宝悦市场建设有限公司 ,湖南省
, 湖南省攸县联星街道联星社区湘东大市场
广西威壮交通建筑设施有限公司 ,广西壮族自治区
, 南宁市双拥路３６－１号“绿城画卷”Ａ座２２层Ａ２３０８号房
浙江恩悠工贸有限公司 ,浙江省
, 武义县茭道镇胡宅垄村
如皋港务集团有限公司 ,江苏省
, 江苏省如皋市长江镇（如皋港区）疏港路6号
浙江平湖华龙实业股份有限公司 ,浙江省
, 平湖市新仓镇金沙路558号
昆山龙腾电子有限公司 ,江苏省
, 昆山综合保税区新巷路68号
永安旭长实业有限公司 ,福建省
, 永安市江滨路716-3号
广东昭信照明科技有限公司 ,广东省
, 广东省佛山市南海区桂城街道永安北路1号金谷光电产业社区A座第6层之一
汉柏科技有限公司 ,天津市
, 天津新技术产业园区华苑产业区海泰西路18号西3楼104室
国美电器内蒙古有限公司 ,内蒙古自治区
, 内蒙古自治区呼和浩特市如意开发区乾坤工业园公寓２１８
大连弘佳物流有限公司 ,辽宁省
, 辽宁省大连长兴岛经济区金海明珠小区7-2号305室
云南腾晋物流股份有限公司 ,云南省
, 云南省昆明市晋宁县昆阳镇恢厂村
重庆市南川区易博公路工程有限责任公司 ,重庆市
, 重庆市南川区西城街道办事处南大街6号
贵州织金马家田煤业有限公司 ,贵州省
, 贵州省织金县后寨乡马家田村
泰州金泰环保热电有限公司 ,江苏省
, 泰州市经济开发区滨江工业园区府路
北京华耐立家建材有限公司 ,北京市
, 北京市朝阳区十八里店乡周庄村闽龙世纪建材市场C18号
天津华耐立家建材销售有限公司 ,天津市
, 河西区解放南路473号（环渤海国际家居采购中心一层）
江苏德和生物科技有限公司 ,江苏省
, 江阴市澄张路618号
南京珍珠泉经济发展有限公司 ,江苏省
, 南京市浦口区珍珠街178号
泰州东星精密机器有限公司 ,江苏省
, 泰州市海陵工业园区
北京精彩无限音像有限公司 ,北京市
, 北京市东城区王府井大街301号B四层4-04
广州耀轮车业有限公司 ,广东省
, 广州市黄埔区云埔工业区埔北路2号2楼
广州市冠誉铝箔包装材料有限公司 ,广东省
, 广州经济技术开发区锦绣路碧华街12号
湖州南浔振浔污水处理有限公司 ,浙江省
, 湖州市南浔镇适园路
包头市红卫日用化工有限公司 ,内蒙古自治区
, 内蒙古自治区包头市东河区北二里半1号
重庆市梁平张鸭子食品有限公司 ,重庆市
, 重庆市梁平工业园区A区
重庆亚德科技股份有限公司 ,重庆市
, 重庆市九龙坡区石桥铺科园一路C-23-2号
临沂天喜实业有限责任公司 ,山东省
, 临沂市兰山区北园路192号时代家园商住楼A号楼1901室
厦门梅花光电科技有限公司 ,福建省
, 厦门市湖里区禾山街道护安路73-75号梅花光电科技中心二楼A001室
济宁中科环保电力有限公司 ,山东省
, 济宁市任城区李营镇垃圾处理厂
海宁市交通投资集团有限公司 ,浙江省
, 海宁市海洲西路85号
海南海航迎宾馆有限公司 ,海南省
, 海南省海口市美兰区大英山西三路9号
贵阳国家高新技术产业开发区经济贸易有限公司 ,贵州省
, 贵州省贵阳市高新技术产业开发区贵阳市新天大道创业路（科苑宾馆三楼）
广东豪美铝业股份有限公司 ,广东省
, 清远市高新技术产业开发区泰基工业城
江苏中联物流有限公司 ,江苏省
, 江苏省宿迁市经济开发区南环西路268号
江苏金鑫建材有限公司 ,江苏省
, 江苏省宿城经济开发区（西区）古城路8号
江苏洋口港投资开发有限公司 ,江苏省
, 江苏省如东县长沙镇洋口港临港工业区
衡阳衡拖农机制造有限公司 ,湖南省
, 市雁峰区白沙洲联盟山108号
江苏花王园艺股份有限公司 ,江苏省
, 丹阳市南二环路99号
河南裕华新材料股份有限公司 ,河南省
, 博爱泗沟工业区
徐州申鑫建材市场管理有限公司 ,江苏省
, 徐州市铜山区北京南路519号
枣庄南郊热电有限公司 ,山东省
, 枣庄经济开发区长江路26号
云南三七科技有限公司 ,云南省
, 云南省昆明市高新区科高路2188号
江苏叠石桥投资有限公司 ,江苏省
, 海门市三星镇镇南村
北京天路通科技有限责任公司 ,北京市
, 北京市丰台区科技园区3A地块(园区)
山东恒通膨胀节制造有限公司 ,山东省
, 山东省泰安市南上高村
山东钛宝钛业有限公司 ,山东省
, 泰安大汶口石膏工业园
包头市祥顺达工贸有限责任公司 ,内蒙古自治区
, 内蒙古自治区包头市昆区哈业胡同镇新光四村
重庆潜能燃气股份有限公司 ,重庆市
, 重庆市铜梁区巴川镇中兴路185号
新疆大唐鼎旺水泥有限公司 ,新疆维吾尔自治区
, 新疆昌吉州奇台县三个庄子乡双涝坝村
连云港神农现代农业发展有限公司 ,江苏省
, 连云港市新浦区浦南镇农业园区综合服务楼202
南通市江海公路工程有限公司 ,江苏省
, 南通市人民东路887号尚东国际商务中心4幢1110室
深圳市铭可达物流有限公司 ,广东省
, 深圳市龙华新区观澜街道君子布村19号铭可达物流园
云南云岭高速公路交通科技有限公司 ,云南省
, 云南省昆明市关上民航路493号
西安浐灞贸易有限责任公司 ,陕西省
, 西安市浐灞生态区浐灞大道1号5A23室
西安市浐灞生态园林景观有限公司 ,陕西省
, 西安市浐灞生态区浐灞大道1号浐灞商务中心5A11室
上海至纯洁净系统科技股份有限公司 ,上海市
, 上海市闵行区东川路555号丁1楼03A室
大丰海港港口有限责任公司 ,江苏省
, 盐城市大丰区大丰港区南港路北侧、配电区西侧
盐城市瀛洲宾馆有限公司 ,江苏省
, 盐城市开放大道76号
上海江苏饭店有限公司 ,上海市
, 上海市普陀区武宁路888号
镇江港源水务有限责任公司 ,江苏省
, 镇江新区大港通港路1号
嘉兴市港区供水有限责任公司 ,浙江省
, 嘉兴市乍浦镇雅山中路86号
嘉兴市港区污水处理有限责任公司 ,浙江省
, 嘉兴市乍浦镇雅山中路86号
深圳市深华运输实业有限公司 ,广东省
, 深圳市罗湖区上步北路银湖大厦四楼416－430号房
深圳市长途汽车客运有限公司 ,广东省
, 深圳市罗湖区清水河街道上步北路银湖大厦首层、二层206-222室
内蒙古恒达公路发展有限公司 ,内蒙古自治区
, 内蒙古自治区鄂尔多斯市东胜区经济技术开发区松山路２号街坊
安吉七彩灵峰农业发展有限公司 ,浙江省
, 安吉灵峰旅游度假区（原直升机场内）
美都经贸浙江有限公司 ,浙江省
, 杭州市拱墅区美都广场A座1007、1009室
德清县恒达建设发展有限公司 ,浙江省
, 武康镇永安街118号
余姚市交通投资有限公司 ,浙江省
, 余姚市阳明西路66号五楼
奉化新城开发投资有限责任公司 ,浙江省
, 奉化市汇明路98号
浙江太湖新城实业投资有限公司 ,浙江省
, 长兴县太湖街道太湖大道599号
浙江余姚工业园区开发建设投资有限公司 ,浙江省
, 浙江余姚工业园区迎霞北路88号
绍兴新锐传媒影视文化发展有限公司 ,浙江省
, 绍兴市镜湖新区越发大厦第一幢1单位802号-1
湖州城西新农村建设投资有限公司 ,浙江省
, 湖州市龙溪路208号101室
报喜鸟集团有限公司 ,浙江省
, 浙江省永嘉县报喜鸟工业园
北京立高防水工程有限公司 ,北京市
, 北京市平谷区平谷镇岳各庄双河路2排10号
杭州天马时控科技有限公司 ,浙江省
, 杭州市江干区笕桥镇同心村七组
舟山市德勤物流有限公司 ,浙江省
, 舟山市定海区干览西码头A房32号楼104室
浙江省基础建设投资集团股份有限公司 ,浙江省
, 杭州市拱墅区密渡桥路1号A幢25楼2501室
沪光集团有限公司 ,浙江省
, 乐清市柳市镇苏岙工业区
云鹏控股集团有限公司 ,浙江省
, 温岭市松门镇金港路
大汉城镇建设有限公司 ,湖南省
, 长沙市芙蓉区红旗路大汉建材城1栋
牡丹江镜泊湖旅游集团有限公司 ,黑龙江省
, 黑龙江省牡丹江市东安区景福街70号
福建泰龙电力股份有限公司 ,福建省
, 厦门市思明区曾厝垵379号一楼之二
苍南联信小额贷款股份有限公司 ,浙江省
, 苍南县灵溪镇玉苍路609号第三、四层
常州市西太湖旅游发展有限公司 ,江苏省
, 江苏武进经济开发区腾龙路2号
绍兴县汇金小额贷款股份有限公司 ,浙江省
, 绍兴县柯桥瓜渚旺角中心405-411室
德清升华小额贷款股份有限公司 ,浙江省
, 浙江省德清县武康镇曲园北路92号
台州市椒江金丰小额贷款有限公司 ,浙江省
, 台州市椒江区云西路321-325号
嘉禾县自来水有限责任公司 ,湖南省
, 嘉禾县珠泉镇鳌峰路1号
遵义市新区建筑安装有限公司 ,贵州省
, 贵州省遵义市遵义市新蒲镇
中建投工程技术有限公司 ,河南省
, 郑州市金水区政七街4号
山东泉兴中联水泥有限公司 ,山东省
, 枣庄市高新区光源路77号
浙江网新联合工程有限公司 ,浙江省
, 杭州市滨江区长河街道江汉路1785号网新双城大厦4幢701-1室
乐清市宝乐能源实业有限公司 ,浙江省
, 乐清市南塘镇外塘村
湖州金冶电子材料股份有限公司 ,浙江省
, 湖州吴兴区八里店镇谈家扇村
浙江华金康工贸有限公司 ,浙江省
, 湖州市菱湖镇竹墩工业园区
浙江省诸暨市龙翔纤维有限公司 ,浙江省
, 诸暨市陶朱街道家纺园区
宁波华宁围海工程有限公司 ,浙江省
, 宁海县跃龙街道兴宁中路63号
浙江百德纺织有限公司 ,浙江省
, 浙江省德清县雷甸镇白云南路389号
中国水产舟山海洋渔业公司 ,浙江省
, 浙江省舟山市普陀区沈家门街道兴海路1号（普陀区平阳浦）
诸暨市水务集团有限公司 ,浙江省
, 诸暨市暨阳街道丰民路19号
衢州市柯城区利民城乡建设投资开发有限责任公司 ,浙江省
, 衢州市双港中路18号1幢408室
杭州中科赛思节能设备有限公司 ,浙江省
, 桐庐县桐庐经济开发区滩头路77号
杭州临江投资发展有限公司 ,浙江省
, 萧山临江高新技术产业园区
杭州深瑞水务有限公司 ,浙江省
, 杭州余杭区仁和街道东山村
浙江天地钢结构有限公司 ,浙江省
, 衢州市东港四路5号
浙江博世华环保科技有限公司 ,浙江省
, 杭州市莫干山路1418-40号9层、10层（上城科技工业基地）
舟山中昌海运有限责任公司 ,浙江省
, 舟山市定海区青垒头路5号
宁波市商贸集团有限公司 ,浙江省
, 宁波市海曙区中山东路81号
嘉兴市联众实业投资有限公司 ,浙江省
, 嘉兴市南湖区凤桥镇凤飞路99号一楼
宁波轿辰集团股份有限公司 ,浙江省
, 宁波市江东区环城南路东段777号世纪汽车城内
绍兴益泉大酒店有限公司 ,浙江省
, 绍兴市袍江工业区世纪广场
飞虎科技有限公司 ,浙江省
, 桐乡市濮院镇恒乐路688号
绍兴杰龙玻璃有限公司 ,浙江省
, 绍兴县滨海工业区兴滨路
安吉紫梅实业有限公司 ,浙江省
, 安吉县梅溪镇人民路
上海城投控股股份有限公司 ,上海市
, 浦东新区北艾路1540号
首创置业股份有限公司 ,北京市
, 北京市怀柔区青春路26号1幢6008室
上海隧道工程股份有限公司 ,上海市
, 上海市浦东新区海徐路957号
中华企业股份有限公司 ,上海市
, 上海市华山路2号
上海张江高科技园区开发股份有限公司 ,上海市
, 浦东新区龙东大道200号
苏州新区高新技术产业股份有限公司 ,江苏省
, 苏州市新区运河路８号
珠海华发实业股份有限公司 ,广东省
, 珠海市昌盛路155号
北京城建投资发展股份有限公司 ,北京市
, 北京市海淀区大柳树富海中心2号楼19层
北京北辰实业股份有限公司 ,北京市
, 北京市朝阳区北辰东路8号
河南银鸽实业投资股份有限公司 ,河南省
, 漯河市召陵区人民东路6号
西部矿业股份有限公司 ,青海省
, 青海省西宁市五四大街52号
云南云维股份有限公司 ,云南省
, 云南省曲靖市沾益县盘江镇花山工业区
柳州钢铁股份有限公司 ,广西壮族自治区
, 广西柳州市北雀路１１７号
西宁特殊钢股份有限公司 ,青海省
, 西宁市柴达木西路52号
安徽海螺水泥股份有限公司 ,安徽省
, 安徽省芜湖市文化路39号
海南航空股份有限公司 ,海南省
, 中国海南省海口市国兴大道7号海航大厦
大连港股份有限公司 ,辽宁省
, 辽宁省大连保税区大窑湾新港商务大厦
江苏连云港港口股份有限公司 ,江苏省
, 连云港市连云区庙岭港区港口四路8号
安徽皖通高速公路股份有限公司 ,安徽省
, 安徽省合肥市望江西路520号
南京高科股份有限公司 ,江苏省
, 南京经济技术开发区新港大道129号
上海新黄浦置业股份有限公司 ,上海市
, 上海市北京东路668号西楼32层
招金矿业股份有限公司 ,山东省
, 招远市金晖路299号
营口港务股份有限公司 ,辽宁省
, 营口市鲅鱼圈区营港路１号
哈尔滨投资集团有限责任公司 ,黑龙江省
, 哈尔滨市南岗区汉水路１７２号
西藏城市发展投资股份有限公司 ,西藏自治区
, 西藏自治区拉萨市金珠西路75号2楼
湖北清能地产集团有限公司 ,湖北省
, 湖北省武汉市武昌区中华路57号
湖北兴发化工集团股份有限公司 ,湖北省
, 兴山县古夫镇高阳大道58号
福建发展高速公路股份有限公司 ,福建省
, 福州市东水路１８号交通综合大楼
广西金融投资集团有限公司 ,广西壮族自治区
, 南宁市青秀区金浦路２２号名都苑１号商住楼十二层
江西长运股份有限公司 ,江西省
, 江西省南昌市西湖区广场南路118号
哈尔滨好民居建设投资发展有限公司 ,黑龙江省
, 哈尔滨市道里区建国街30号
浙江海正药业股份有限公司 ,浙江省
, 浙江省台州市椒江区外沙路46号
广东粤运交通股份有限公司 ,广东省
, 广州市白云区机场路1731-1735号8楼
联发集团有限公司 ,福建省
, 厦门市湖里区湖里大道31号
珠海格力房产有限公司 ,广东省
, 珠海市北岭工业区
新疆金融投资有限公司 ,新疆维吾尔自治区
, 新疆乌鲁木齐市天山区金银路53号
杭州市实业投资集团有限公司 ,浙江省
, 杭州市西湖区保俶路宝石山下四弄13号
广州越秀集团有限公司 ,广东省
, 广州市天河区珠江新城珠江西路5号广州国际金融中心65楼
上海集优机械股份有限公司 ,上海市
, 上海市恒丰路600号机电大厦1501室
上海申通地铁股份有限公司 ,上海市
, 上海市浦电路489号
江中药业股份有限公司 ,江西省
, 江西省南昌市高新区火炬大道788号
青海金瑞矿业发展股份有限公司 ,青海省
, 西宁市朝阳西路112号
浙江尖峰集团股份有限公司 ,浙江省
, 浙江省金华市婺江东路88号
上海电气集团股份有限公司 ,上海市
, 上海市兴义路8号30层
开滦能源化工股份有限公司 ,河北省
, 唐山市新华东道70号东楼
山西兰花科技创业股份有限公司 ,山西省
, 晋城市凤台东街2288号
重庆水务集团股份有限公司 ,重庆市
, 重庆市渝中区龙家湾1号
新余钢铁股份有限公司 ,江西省
, 江西省新余市铁焦路
新天绿色能源股份有限公司 ,河北省
, 石家庄市裕华西路9号
深圳高速公路股份有限公司 ,广东省
, 深圳市福田区益田路江苏大厦裙楼2-4层
湘潭电机股份有限公司 ,湖南省
, 湖南省湘潭市下摄司街302号
凌源钢铁股份有限公司 ,辽宁省
, 辽宁省凌源市钢铁路３号
广东肇庆星湖生物科技股份有限公司 ,广东省
, 肇庆市工农北路６７号
瀚蓝环境股份有限公司 ,广东省
, 佛山市南海区桂城南海大道建行大厦
杭州钢铁股份有限公司 ,浙江省
, 杭州市拱墅区半山路178号
上海浦东路桥建设股份有限公司 ,上海市
, 浦东新区佳林路1028号
马鞍山钢铁股份有限公司 ,安徽省
, 安徽省马鞍山市九华西路8号
重庆机电股份有限公司 ,重庆市
, 重庆市北部新区黄山大道中段60号
广西桂东电力股份有限公司 ,广西壮族自治区
, 贺州市平安西路１２号
鲁信创业投资集团股份有限公司 ,山东省
, 淄博市高新技术产业开发区裕民路129号
吉林高速公路股份有限公司 ,吉林省
, 长春市宽城区兰家镇兰家大街155号
江西洪城水业股份有限公司 ,江西省
, 江西省南昌市西湖区灌婴路98号
新疆天富能源股份有限公司 ,新疆维吾尔自治区
, 新疆石河子市红星路
北京京能清洁能源电力股份有限公司 ,北京市
, 北京市延庆县八达岭经济开发区紫光东路1号118室
厦门厦工机械股份有限公司 ,福建省
, 厦门市思明区厦禾路668号
广州发展集团股份有限公司 ,广东省
, 广州市天河区临江大道3号28-30楼
长春欧亚集团股份有限公司 ,吉林省
, 朝阳区工农大路1128号
日照港股份有限公司 ,山东省
, 日照市海滨二路
柳州化工股份有限公司 ,广西壮族自治区
, 广西柳州市北鹊路６７号
北京昊华能源股份有限公司 ,北京市
, 北京市门头沟区新桥南大街2号
上海实业发展股份有限公司 ,上海市
, 中国（上海）自由贸易试验区浦东南路1085号
上海金桥出口加工区开发股份有限公司 ,上海市
, 中国（上海）自由贸易试验区金桥路28号
武汉三镇实业控股股份有限公司 ,湖北省
, 武汉经济技术开发区联发大厦
内蒙古包钢钢联股份有限公司 ,内蒙古自治区
, 内蒙古自治区包头市昆区河西工业区
北京巴士传媒股份有限公司 ,北京市
, 北京市海淀区紫竹院路32号
云南省能源投资集团有限公司 ,云南省
, 云南省昆明市人民中路美亚大厦19-23层
北京天恒置业集团有限公司 ,北京市
, 北京市西城区阜外大街31号
北京首都开发股份有限公司 ,北京市
, 北京市东城区安定门外大街183号京宝花园二层
湖北楚天高速公路股份有限公司 ,湖北省
, 武汉市汉阳区龙阳大道9号
华远地产股份有限公司 ,湖北省
, 北京市西城区北展北街11号华远企业中心11#楼
京投银泰股份有限公司 ,浙江省
, 海曙中山东路２３８号
四川路桥建设集团股份有限公司 ,四川省
, 成都市高新区高朋大道11号科技工业园F-59号
北京京客隆商业集团股份有限公司 ,北京市
, 北京市朝阳区新源街45号楼
华域汽车系统股份有限公司 ,上海市
, 上海市静安区威海路489号
山东黄金矿业股份有限公司 ,山东省
, 济南市舜华路2000号舜泰广场3号楼
北京京能电力股份有限公司 ,北京市
, 北京市石景山区广宁路10号
宁波热电股份有限公司 ,浙江省
, 宁波经济技术开发区大港工业城
平顶山天安煤业股份有限公司 ,河南省
, 河南省平顶山市矿工路２１号
张家港保税科技股份有限公司 ,云南省
, 张家港保税区石化交易大厦27-28层
云南煤业能源股份有限公司 ,云南省
, 云南省昆明经开区经开路3号科技创新园A46室
江西赣粤高速公路股份有限公司 ,江西省
, 江西省南昌市高新区火炬大街199号赣能大厦
山东高速股份有限公司 ,山东省
, 济南市文化东路29号七星吉祥大厦A座
杭州前进齿轮箱集团股份有限公司 ,浙江省
, 萧山区萧金路45号
江苏凤凰置业投资股份有限公司 ,江苏省
, 南京市中央路389号凤凰国际大厦六楼
广晟有色金属股份有限公司 ,海南省
, 海南省海口市龙华区滨海大道69号海口宝华海景大酒店8楼809房
四川川投能源股份有限公司 ,四川省
, 成都市武侯区龙江路11号
昆明中营津桥科教有限公司 ,云南省
, 云南省昆明市高新区海源北路1268号
南京新明经济开发有限公司 ,江苏省
, 南京六合区中山科技园永成路18号
广州华工百川科技有限公司 ,广东省
, 广州市萝岗区玉岩路华立街3号
浙江南浔古镇旅游发展有限公司 ,浙江省
, 湖州市南浔镇适园路徐家弄
福建省客家土楼旅游发展有限公司 ,福建省
, 永定县凤城镇河滨路1号
杭州市设备安装有限公司 ,浙江省
, 杭州市拱墅区密渡桥路23号四楼、五楼
重庆市涪陵区宏伟公路工程有限公司 ,重庆市
, 重庆市涪陵区青羊镇安镇西路37号
无锡惠山软件产业发展有限公司 ,江苏省
, 无锡惠山经济开发区智慧路18号智慧大厦
常州市春秋淹城建设投资有限公司 ,江苏省
, 武进区湖塘镇武宜南路588号常乐坊79号
浙江天台公路运输有限公司 ,浙江省
, 天台县始丰街道天台山西路501号
中兴能源有限公司 ,北京市
, 北京市朝阳区裕民路12号E3座
南京西部路桥集团有限公司 ,江苏省
, 南京市江宁区湖熟街道瑞泽路8号
鄂尔多斯市通惠供热燃气集团有限公司 ,内蒙古自治区
, 鄂尔多斯市康巴什新区乌兰木伦大街
嵊州宾馆有限公司 ,浙江省
, 嵊州市剡湖街道北艇路218号
天津市松江生态产业有限公司 ,天津市
, 天津市津南区八里台镇八里台村（农业高新技术开发区内）
南京汤山旅游发展有限公司 ,江苏省
, 南京市江宁区汤山街道汤山大道18号
常州国际机场集团有限公司 ,江苏省
, 通江南路258号
苏州高新污水处理有限公司 ,江苏省
, 苏州高新区浒关工业园
淮安市康嘉实业有限公司 ,江苏省
, 淮安经济技术开发区富誉路5号
武汉四方交通物流有限责任公司 ,湖北省
, 武汉市东西湖区东西湖大道21号（8）
福建漳龙集团有限公司 ,福建省
, 福建省漳州市芗城区胜利东路3号漳州发展广场16、17层
武汉新能实业发展有限公司 ,湖北省
, 江岸区建设大道６１８号信合大厦２０楼
昆明产业开发投资有限责任公司 ,云南省
, 昆明市青年路448号华尔顿大厦5-6层
汝城县水电有限责任公司 ,湖南省
, 汝城县城关镇文化路3号
北京鸿仪四方辐射技术股份有限公司 ,北京市
, 北京市通州区工业开发区广利街18号
株洲市国有资产投资控股集团有限公司 ,湖南省
, 株洲市天元区黄河南路455号
山东泰丰矿业集团有限公司 ,山东省
, 新泰市经济开发区
绍兴市柯桥区国有资产投资经营有限公司 ,浙江省
, 柯桥鉴湖路29号
扬州化工产业投资发展有限公司 ,江苏省
, 仪征市真州镇万年南路9号
冀东发展集团有限责任公司 ,河北省
, 唐山丰润区林荫路东侧
绵阳交通发展集团有限责任公司 ,四川省
, 绵阳市剑南路西段71号
十四冶建设集团有限公司 ,云南省
, 云南省昆明市五华区云南省昆明市西站12号-
重庆长寿经济技术开发区开发投资集团有限公司 ,重庆市
, 重庆市长寿区晏家街道办事处齐心大道F幢
金融街控股股份有限公司 ,北京市
, 北京市西城区金融大街丙17号北京银行大厦11层
长兴交通投资集团有限公司 ,浙江省
, 浙江省长兴县雉城街道明珠二路58号
株洲高科集团有限公司 ,湖南省
, 株洲开发区黄河北路火炬大厦
株洲市城市建设发展集团有限公司 ,湖南省
, 湖南省株洲市天元区联谊路86号金城大厦9-13楼
临安市城建发展有限公司 ,浙江省
, 临安市锦城街道江南市场路78号
龙里县供排水总公司 ,贵州省
, 龙里县龙山镇中山路168号
昆明发展投资集团有限公司 ,云南省
, 昆明市盘龙路25号
金坛市国发国际投资发展有限公司 ,江苏省
, 金坛市华城中路168号
青海江仓煤业有限责任公司 ,青海省
, 天峻县新源镇天棚东路88号
扬州恒基大通光电有限公司 ,江苏省
, 扬州维扬路108号开发大厦附楼
江苏铜枣实业发展有限公司 ,江苏省
, 仪征市铜山办事处枣林山庄
泰州凤城河建设发展有限公司 ,江苏省
, 泰州市东南园10号
江苏洪泽湖建设投资集团有限公司 ,江苏省
, 洪泽县城人民路12号
盐城市盐都交通建设发展有限公司 ,江苏省
, 盐城市盐都区新都街道开发大道609号交通大厦509室
宿迁市惠农农业发展股份有限公司 ,江苏省
, 宿迁市宿城新区红海路18号
海安利泰水务投资发展有限公司 ,江苏省
, 海安县海安镇河滨东路168号
南京江宁滨江新城开发建设有限公司 ,江苏省
, 南京市江宁区滨江经济开发区盛安大道739号1幢
郎溪道其建设工程有限公司 ,安徽省
, 安徽省宣城市郎溪县经济技术开发区
天津市天政基础设施建设有限公司 ,天津市
, 南开区红旗南路251号
常州民生环保科技有限公司 ,江苏省
, 常州市新北区春江镇百馨苑2幢8号
株洲高科建设工程有限公司 ,湖南省
, 天元区天平路综合楼2楼
盐城南洋经济发展实业有限公司 ,江苏省
, 盐城富康路1号
山东金阳矿业集团有限公司 ,山东省
, 泰安市宁阳县葛石镇夏庄村北
江苏云港投资发展有限公司 ,江苏省
, 连云港市连云区板桥工业园区
都江堰市集聚农业有限公司 ,四川省
, 四川省成都市都江堰市幸福镇奎光路231号
株洲新芦淞航空城产业发展有限公司 ,湖南省
, 株洲建宁经济开发区服务总部基地3楼303号
南京雨花经济技术发展有限公司 ,江苏省
, 南京市雨花经济开发区
浙江长兴环太湖经济投资开发有限公司 ,浙江省
, 长兴县雉城镇县前街桥东128号
海口美兰国际机场有限责任公司 ,海南省
, 海口市美兰区美兰国际机场
镇远县名城旅游开发经营有限责任公司 ,贵州省
, 贵州省黔东南苗族侗族自治州镇远县舞阳镇和平村内
普定县粮食购销有限责任公司 ,贵州省
, 贵州省安顺市普定县普定县城关镇红旗路375号（西交仓）
营口市老边区供热有限公司 ,辽宁省
, 老边区龙山大街45号
无锡吴文化博览园建设发展有限公司 ,江苏省
, 无锡市新区鸿山镇后宅
德清县德城园林绿化工程服务有限公司 ,浙江省
, 武康镇永安街118号
浏阳鼎盛投资有限公司 ,湖南省
, 浏阳制造产业基地纬二路1号
吉林粮食集团收储经销有限公司 ,吉林省
, 长春市绿园区春城大街1515号吉粮康郡47号楼8-9层
孝昌县供水有限公司 ,湖北省
, 孝昌县城区北京路311号
桂阳县市政工程有限公司 ,湖南省
, 桂阳县鹿峰街道蔡伦中路26号
临汾市热力供应有限公司 ,山西省
, 临汾市尧都区贡院东街步行街中段
淮安市兴淮农村经济发展有限公司 ,江苏省
, 淮安市淮安区东门大街（区人武部西侧）
德清县下渚湖湿地旅游发展有限公司 ,浙江省
, 德清县三合乡二都集镇
重庆金凤电子信息产业有限公司 ,重庆市
, 重庆市九龙坡区金凤路108号
句容新农建设发展有限公司 ,江苏省
, 句容经济开发区华阳西路（开发区管委会院内）
启东市临海公路建设工程有限公司 ,江苏省
, 启东市人民中路７２０号
湖州新城公用工程有限公司 ,浙江省
, 湖州市青铜路76、78号
洪泽县现代新农村投资发展有限公司 ,江苏省
, 洪泽县东九道北侧、东三街东侧（东九道26号县政府大楼9楼）
南京金港投资有限公司 ,江苏省
, 南京市栖霞区甘家边东108号1幢501室
扬州鼎兴开发建设有限公司 ,江苏省
, 扬州市鼎兴路89号(食品工业园内)
盱眙县天源水务有限公司 ,江苏省
, 盱眙县淮河东路18号
华容县鑫源农业发展有限公司 ,湖南省
, 华容县城关镇水乡街1号
海城市西柳物流服务有限公司 ,辽宁省
, 海城市西柳镇码头村
内蒙古庆华集团阿拉善百灵煤炭有限责任公司 ,内蒙古自治区
, 内蒙古自治区阿左旗呼鲁斯太镇百灵矿区
涟水县涟缘水务有限公司 ,江苏省
, 涟水县城今世缘大道568号
江苏武进太湖湾旅游发展有限公司 ,江苏省
, 武进区雪堰镇城湾村百渎
新沂市交通物流有限公司 ,江苏省
, 新沂市钟吾路交通大厦
安徽天润化学工业股份有限公司 ,安徽省
, 安徽省蚌埠市江淮路71号
重庆市长寿区浩湖渔业有限公司 ,重庆市
, 重庆市长寿区长寿湖镇湖滨路25号
南京路鹏建设工程有限公司 ,江苏省
, 南京市六合区横梁镇兴镇路
苏州沙家浜旅游发展有限公司 ,江苏省
, 常熟市沙家浜镇芦苇荡
重庆西彭铝产业区开发投资有限公司 ,重庆市
, 重庆市九龙坡区西彭镇铝城大道88号
江西有色建设集团有限公司 ,江西省
, 江西省南昌市红谷滩新区会展路29号
台安县供热有限责任公司 ,辽宁省
, 台安县台安镇台盘路南台安供热公司院内办公楼
营口沿海供热有限公司 ,辽宁省
, 辽宁（营口）沿海产业基地新联大街东1号
西安高新区草堂科技产业基地发展有限公司 ,陕西省
, 西安高新区草堂科技产业基地管理办前楼
江苏恒瑞投资开发有限公司 ,江苏省
, 大丰市南翔西路666号
南通世锦实业有限公司 ,江苏省
, 南通市通州经济开发区世纪大道197号
淮安民用机场有限责任公司 ,江苏省
, 淮安经济技术开发区海口路9号
南京市溧水区昱达商贸集团有限公司 ,江苏省
, 南京市溧水区永阳镇珍珠南路2号
连云港连岛旅游开发有限公司 ,江苏省
, 连云港市连云区连岛街道
徐州市贾汪都市旅游投资发展有限公司 ,江苏省
, 徐州市贾汪区泉城商务大厦B楼
南京龙潭物流基地开发有限公司 ,江苏省
, 南京市栖霞区龙潭镇疏港路1号
扎兰屯市扬旗山水利枢纽有限责任公司 ,内蒙古自治区
, 扎兰屯市水务局院内
邳州市交通工程有限公司 ,江苏省
, 邳州市建设南路83号
余姚市高铁站场建设投资有限公司 ,浙江省
, 余姚市南雷南路388号
金沙县路桥工程投资有限公司 ,贵州省
, 贵州省毕节市金沙县城关镇红岩交通小区内
泰州华诚医学投资集团有限公司 ,江苏省
, 泰州市药城大道1号.
株洲市金科建设投资经营有限责任公司 ,湖南省
, 湖南省株洲市荷塘区新华东路区政府内
长兴南太湖投资开发有限公司 ,浙江省
, 湖州南太湖（长兴）产业集聚区
郴州福升投资开发有限公司 ,湖南省
, 郴州市苏仙区白露塘镇林邑大道郴州出口加工区管理委员会办公楼212房
长兴县公路工程有限责任公司 ,浙江省
, 浙江省长兴县雉城镇环城北路开发区
泰州市港城驾驶员培训有限公司 ,江苏省
, 泰州市高港区许庄街道高港大道33号
重庆共享工业投资有限公司 ,重庆市
, 重庆市沙坪坝区井口镇复兴48号
南京汤山温泉资源管理有限公司 ,江苏省
, 南京市江宁区汤山街道延祥路汤水雅居东苑B区17楼
金堂县净源排水有限责任公司 ,四川省
, 金堂县赵镇滨江路一段378号
镇宁自治县粮油购销有限责任公司 ,贵州省
, 贵州省安顺市镇宁布依族苗族自治县贵州省安顺市镇宁布依族苗族自治县城关镇粮运路67号
苏州德胜东弇建设发展有限公司 ,江苏省
, 太仓市陆渡镇中市路24号
常德市金禹水利投资有限公司 ,湖南省
, 常德市武陵区城西办事处穿紫河居委会柳叶大道2533号
青州市宏利水务有限公司 ,山东省
, 青州市范公亭西路1035号
永州市凤凰园经济开发有限责任公司 ,湖南省
, 永州市冷水滩区凤凰园凤凰路
九江市北门旅游开发建设有限公司 ,江西省
, 江西省九江市庐山区长虹大道246号
扬州化工产业园公共管廊有限公司 ,江苏省
, 仪征市真州镇万年南路9号
淮安园兴投资有限公司 ,江苏省
, 淮安市淮阴区淮河路188号
安吉县绿洲新农村建设有限公司 ,浙江省
, 安吉县递铺镇胜利西路1号六楼
重庆市涪陵武陵山旅游开发有限公司 ,重庆市
, 重庆市涪陵区武陵山乡石夹沟村六社
重庆麻柳沿江开发投资有限公司 ,重庆市
, 重庆市巴南区麻柳嘴镇望江路136号
溧阳市城东农业科技有限公司 ,江苏省
, 江苏中关村科技产业园泓口路218号C幢二楼
成都家具产业园建设投资有限公司 ,四川省
, 成都市新都区龙桥镇瑞云村一社
道县财源建设有限公司 ,湖南省
, 道县潇水南路21号（县财政局内）
湄潭县绿色食品工业园区投资有限公司 ,贵州省
, 贵州省遵义市湄潭县绿色食品工业园区
都江堰市建工建材有限责任公司 ,四川省
, 四川省成都市都江堰市江安路19号
重庆云厦实业有限公司 ,重庆市
, 重庆市云阳县新城三镇合一办公楼
无锡市长绿农业科技发展有限公司 ,江苏省
, 无锡市新区硕放镇墙门西路58号
浙江天子湖实业投资有限公司 ,浙江省
, 安吉县天子湖镇五福村
德清恒丰建设发展有限公司 ,浙江省
, 德清县武康镇长虹中街198号
海安县区域供水有限公司 ,江苏省
, 海安县海安镇长江中路146号
江苏瀛洲发展集团有限公司 ,江苏省
, 连云港市海州区新浦经济开发区长江路69号
内江市东和旅游投资有限公司 ,四川省
, 内江市东兴区蟠龙路252号
无锡安阳山产业发展有限公司 ,江苏省
, 无锡市惠山区阳山镇胜利路
六盘水市水务有限责任公司 ,贵州省
, 贵州省六盘水市钟山区明湖路110
成都市新津水城水务投资有限责任公司 ,四川省
, 成都市新津县五津镇武阳中路107号
吉林省松花湖生态示范园开发有限公司 ,吉林省
, 吉林市丰满区阿什村三社
重庆黑山谷旅游投资有限公司 ,重庆市
, 重庆市万盛区万东北路46号附3号5楼
高邮开盛市政建设投资有限公司 ,江苏省
, 高邮市凌波路
纳雍县金熙开发投资有限公司 ,贵州省
, 纳雍县雍熙镇毕纳路108号
淮安恒兴综合大市场开发有限公司 ,江苏省
, 淮阴区珠江路（租江苏欧蓓莎置业有限公司房屋）
武隆县投资有限责任公司 ,重庆市
, 重庆市武隆县巷口镇建设东路35号
株洲市华强云峰湖片区建设开发有限公司 ,湖南省
, 湖南省株洲市石峰区云龙示范区云龙大道88号
无锡雪浪科教产业投资发展有限公司 ,江苏省
, 无锡太湖新城科教产业园震泽路27号
百色百矿集团有限公司 ,广西壮族自治区
, 百色市右江区东笋路23号
天津天自有源自来水有限公司 ,天津市
, 天津市武清区自行车王国产业园区康园道北侧
彭山发展矿产开发有限公司 ,四川省
, 眉山市彭山区彭祖大道北段
梁平县兴路道路桥梁工程有限公司 ,重庆市
, 重庆市梁平县梁山镇迎宾路9号
锦州北山建筑工程有限责任公司 ,辽宁省
, 辽宁省锦州市凌河区松坡路五段16号
株洲市湘江风光带建设开发有限公司 ,湖南省
, 湖南省株洲市芦淞区沿江中路8号
天津东丽湖建设发展有限公司 ,天津市
, 天津市东丽区东丽湖旅游度假区
苏州市金桥汽车产业园管理有限公司 ,江苏省
, 苏州市吴中区木渎镇金枫路西侧
邵东新区开发建设投资有限责任公司 ,湖南省
, 邵东县电信大厦12-14楼
岳阳市云河建设开发有限公司 ,湖南省
, 湖南岳阳绿色化工产业园
三亚凤凰国际机场有限责任公司 ,海南省
, 海南省三亚市凤凰路凤凰国际机场
重庆市南川区昌达交通投资有限公司 ,重庆市
, 重庆市南川区东城街道办事处火车大道1号
老河口市公路建设有限责任公司 ,湖北省
, 湖北省老河口市三环路中段
泰州市鑫海投资有限公司 ,江苏省
, 泰州市海陵工业园区管委会101、102室
湖州春语建设有限公司 ,浙江省
, 湖州市南浔镇泰安西路780号
如皋市富港工程建设有限公司 ,江苏省
, 如皋市长江镇纬五路88号
重庆大足石刻国际旅游集团有限公司 ,重庆市
, 重庆市大足区棠香街道棠凤路766号棠香一路5号
扬州鑫域建设工程有限公司 ,江苏省
, 扬州市江都区新都南路反坎河以南(职教集团行政楼)
江苏崇明科技实业有限公司 ,江苏省
, 句容经济开发区华阳西路（建设开发建设总公司院内）
淮安开发物流有限公司 ,江苏省
, 淮安经济技术开发区富誉路3号
南京江宁水务集团有限公司 ,江苏省
, 南京市江宁经济技术开发区高湖路88号
江苏句容赤山湖生态环境建设发展有限公司 ,江苏省
, 句容市三岔赤山湖（赤山湖水利枢纽管理处院内）
铜仁市水务投资有限责任公司 ,贵州省
, 贵州省铜仁市铜仁市环东路58号
江苏惠海旅游发展有限公司 ,江苏省
, 海安县城东镇黄海大道55号
无锡市北塘建设投资发展有限公司 ,江苏省
, 无锡市凤宾路58号
崇州市兴旅景区管理有限公司 ,四川省
, 崇州市崇阳镇永安中路1号
连云港祥云投资有限公司 ,江苏省
, 灌云经济开发区西苑南路东侧
重庆绅鹏实业开发有限公司 ,重庆市
, 重庆市铜梁区东城街道办事处迎宾东路388号
都江堰市阳光旅游发展有限责任公司 ,四川省
, 四川省成都市都江堰市复兴街50号
吉林市新北投资有限公司 ,吉林省
, 吉林市深圳街6号（火炬大厦20层）
无锡市北塘投资发展有限公司 ,江苏省
, 无锡市凤宾路58号
常德市城市公用资产经营管理有限公司 ,湖南省
, 湖南省常德市武陵区穿紫河街道办事处长胜桥社区洞庭大道中段1388号
淮安市华盛园林建设有限公司 ,江苏省
, 淮安工业园区潘园路4号第五层509室
梅州市华宏水利水电工程有限公司 ,广东省
, 五华县河东镇琴江大桥侧
陕西明泰工程建设有限责任公司 ,陕西省
, 西安市科技七路18号
重庆市德感工业园区建设有限公司 ,重庆市
, 重庆市江津区德感工业园
镇江市丹徒区新农村发展建设有限公司 ,江苏省
, 镇江市丹徒新城芳草园1幢第1层102室
湖州吴兴东部新农村建设投资有限公司 ,浙江省
, 湖州市吴兴区八里店镇政府办公大楼后楼
如皋市顾庄生态园开发建设有限公司 ,江苏省
, 如皋市如城街道益寿南路188号
江苏邗建集团万达市政工程有限公司 ,江苏省
, 扬州市邗江经济开发区吉安路209号
南通洋口港综合开发有限公司 ,江苏省
, 如东县洋口镇洋口大道东侧
宁波枫林绿色能源开发有限公司 ,浙江省
, 海曙区解放南路208号
常州市武进广播电视投资发展有限公司 ,江苏省
, 武进区湖塘镇花园街155号
浙江西塘旅游文化发展有限公司 ,浙江省
, 嘉善县西塘镇南苑路258号
苏州新区新宁自来水发展有限公司 ,江苏省
, 
天津市天房科技发展股份有限公司 ,天津市
, 天津市华苑产业区华天道6号海泰大厦B座704室-8
南京江宁滨江物流有限公司 ,江苏省
, 南京市江宁滨江经济开发区天成路18号
徐州新源水务有限公司 ,江苏省
, 徐州淮海食品城饮食文化村A1楼
瑞安市水务集团有限公司 ,浙江省
, 瑞安市安阳街道万松东路
仪征城乡水务有限公司 ,江苏省
, 仪征市真州西路31号
上海金丰建设发展有限公司 ,上海市
, 浦东峨山路488号308室
江苏东升水务建设工程有限公司 ,江苏省
, 宿迁经济技术开发区发展大道西侧（商务中心2245室）
天津市凯泰建材经营有限公司 ,天津市
, 天津市和平区常德道80号1009号
常熟市虞山尚湖旅游发展有限责任公司 ,江苏省
, 常熟市尚湖风景区
南京市浦口区水务建设发展有限公司 ,江苏省
, 南京市浦口区江浦街道文德东路111号
贵州林都园林工程有限公司 ,贵州省
, 贵州省贵阳市贵州省贵阳市云岩区白云大道南段３０５号
江苏瑞洁塑料管材管件有限公司 ,江苏省
, 淮安经济技术开发区南马厂大道9号
如皋市交通服务发展有限公司 ,江苏省
, 如城镇中山路南467号
江苏淮阴水利建设有限公司 ,江苏省
, 淮安经济技术开发区深圳路9号
镇江市风景旅游发展有限责任公司 ,江苏省
, 镇江市润州区林隐路66号
江苏容丰现代农业科技有限公司 ,江苏省
, 句容市华阳镇东昌南路20号
天津第六市政公路工程有限公司 ,天津市
, 天津市南开区北草坝9增2号
淮安软件园管理发展有限公司 ,江苏省
, 淮安经济技术开发区高教园区承德南路266号
大丰市高鑫投资有限责任公司 ,江苏省
, 大丰市高新技术区五一路1号
江苏茅山福地旅游有限公司 ,江苏省
, 句容市茅山风景区大茅路北侧A幢
海安县广播电视信息网络有限公司 ,江苏省
, 海安县海安镇江海西路15号
营口沿海产业物流基地有限公司 ,辽宁省
, 辽宁(营口)沿海产业基地管委会新联大街东1号
大丰市大丰港农业发展有限公司 ,江苏省
, 大丰市大丰港区中央大道1号
天津帝达地热开发有限公司 ,天津市
, 天津市东丽经济开发区
浏阳市水利建设投资有限公司 ,湖南省
, 浏阳市行政中心西北角
河南省平顶山中亚路桥建设工程有限公司 ,河南省
, 湛河区新南环路南侧(铁炉村对面)
内蒙古额济纳旗庆华马克那林苏海特商贸有限责任公司 ,内蒙古自治区
, 内蒙古自治区阿拉善盟额济纳旗达来库布镇环城东路
南京远古水业股份有限公司 ,江苏省
, 南京市六合区大厂新华西路70号
江苏古运河投资发展有限公司 ,江苏省
, 无锡市南长区南长街198号
江苏江南商贸集团有限责任公司 ,江苏省
, 常熟市新颜路88号
浙江安吉修竹绿化工程有限公司 ,浙江省
, 递铺镇通凌路
南京化学工业园公用事业有限责任公司 ,江苏省
, 南京化学工业园区天圣路156号
寿县农业发展投资有限公司 ,安徽省
, 安徽省六安市寿县寿春镇寿蔡路中国农业发展银行寿县支行院内
重庆北鼎建设开发有限公司 ,重庆市
, 重庆市永川区三教镇玉峰村
安徽淮河化工股份有限公司 ,安徽省
, 安徽省淮南市望峰岗镇
义乌市水务建设集团有限公司 ,浙江省
, 浙江省义乌市西城北路77号
宝信国际融资租赁有限公司 ,陕西省
, 西安市高新区科技五路8号数字大厦三层
天津泰达股份有限公司 ,天津市
, 天津开发区第三大街16号
东北制药集团股份有限公司 ,辽宁省
, 沈阳经济技术开发区昆明湖街
山西西山煤电股份有限公司 ,山西省
, 太原市西矿街318号西山大厦
广东省高速公路发展股份有限公司 ,广东省
, 广州市白云路８５号
广东电力发展股份有限公司 ,广东省
, 广州市天河东路2号粤电广场南塔23、25、26层
东莞发展控股股份有限公司 ,广东省
, 东莞市南城区科技工业园科技路39号
新疆中泰化学股份有限公司 ,新疆维吾尔自治区
, 新疆乌鲁木齐经济技术开发区阳澄湖路39号
云南锡业股份有限公司 ,云南省
, 云南省昆明市高新技术产业开发区
贵州轮胎股份有限公司 ,贵州省
, 贵州省贵阳市百花大道41号
唐山冀东水泥股份有限公司 ,河北省
, 河北省唐山市丰润区林荫路
河北建投能源投资股份有限公司 ,河北省
, 石家庄市裕华西路9号
湖北能源集团股份有限公司 ,湖北省
, 武汉市武昌区徐东大街96号
徐工集团工程机械股份有限公司 ,江苏省
, 江苏省徐州经济开发区工业一区
太原煤气化股份有限公司 ,山西省
, 太原市和平南路83号.
珠海港股份有限公司 ,广东省
, 珠海市南水镇榕湾路16号2001-2号办公
天津津滨发展股份有限公司 ,天津市
, 天津开发区黄海路98号二区B座一门501室
湖北宜化化工股份有限公司 ,湖北省
, 宜昌市猇亭区
广西柳工机械股份有限公司 ,广西壮族自治区
, 柳州市柳太路１号
陕西省天然气股份有限公司 ,陕西省
, 西安市经济技术开发区A1区
福建三钢闽光股份有限公司 ,福建省
, 三明市梅列区工业中路群工三路
冀中能源股份有限公司 ,河北省
, 河北省邢台市中兴西大街１９１号
山东晨鸣纸业集团股份有限公司 ,山东省
, 山东省寿光市圣城街595号
鲁西化工集团股份有限公司 ,山东省
, 聊城市鲁化路68号
南京宁西道路桥梁工程有限公司 ,江苏省
, 南京市浦口区珠江镇环城东路3号
青岛澳洋塑料制品有限公司 ,山东省
, 青岛经济技术开发区前湾港路315号
重庆天彩铝业有限公司 ,重庆市
, 重庆市涪陵江东办事处坝上村二、三组(白塔变电站旁)
无锡高新物流中心有限公司 ,江苏省
, 无锡市高浪东路1号
河北钢铁股份有限公司 ,河北省
, 石家庄市裕华西路40号
南京港股份有限公司 ,江苏省
, 南京市和燕路251号1幢1101室
新疆北新路桥集团股份有限公司 ,新疆维吾尔自治区
, 新疆乌鲁木齐高新技术产业开发区高新街217号盈科广场A座16-17层
广东水电二局股份有限公司 ,广东省
, 广州市天河区珠江新城华明路9号华普广场西塔21层
青海盐湖工业股份有限公司 ,青海省
, 青海省格尔木市黄河路28号
秦川机床工具集团股份公司 ,陕西省
, 宝鸡市姜谭路22号
中山公用事业集团股份有限公司 ,广东省
, 广东省中山市兴中道18号财兴大厦北座
铁岭新城投资控股股份有限公司 ,四川省
, 铁岭市凡河新区金沙江路12号
佛山市国星光电股份有限公司 ,广东省
, 佛山市禅城区华宝南路18号
山西太钢不锈钢股份有限公司 ,山西省
, 太原市尖草坪街2号
河南新野纺织股份有限公司 ,河南省
, 河南省新野县城关镇书院路１５号
湖南黄金股份有限公司 ,湖南省
, 长沙市雨花区芙蓉中路二段金源大酒店16楼
重庆建峰化工股份有限公司 ,重庆市
, 重庆市涪陵区白涛街道
江苏舜天船舶股份有限公司 ,江苏省
, 南京市雨花台区软件大道21号
昆明云内动力股份有限公司 ,云南省
, 云南省昆明经济技术开发区经景路66号
芜湖海螺型材科技股份有限公司 ,安徽省
, 安徽省芜湖市经济技术开发区
南宁糖业股份有限公司 ,广西壮族自治区
, 南宁市青秀区古城路10号
深圳市机场股份有限公司 ,广东省
, 深圳宝安国际机场第一办公楼三、四层
江西万年青水泥股份有限公司 ,江西省
, 江西省上饶市万年县
中国武夷实业股份有限公司 ,福建省
, 福建省福州市鼓楼区温泉街道五四路89号置地广场4层01店面
云南旅游股份有限公司 ,云南省
, 云南省昆明市白龙路世博园
广州恒运企业集团股份有限公司 ,广东省
, 广州市萝岗区西基工业区西基路
成都市兴蓉环境股份有限公司 ,甘肃省
, 成都市青羊区苏坡乡万家湾村
重庆渝开发股份有限公司 ,重庆市
, 重庆市渝中区重庆村55号2单元39层
本钢板材股份有限公司 ,辽宁省
, 辽宁省本溪市平山区人民路16号
福建漳州发展股份有限公司 ,福建省
, 漳州市胜利东路漳州发展广场
甘肃电投能源发展股份有限公司 ,甘肃省
, 甘肃省兰州市城关区北滨河东路69号甘肃投资集团大厦
广东省粤科金融集团有限公司 ,广东省
, 广东省广州市天河区珠江西路17号广晟国际大厦4501房
重庆市涪陵国有资产投资经营集团有限公司 ,重庆市
, 重庆市涪陵区太极大道7号9楼
包头市城乡发展投资有限责任公司 ,内蒙古自治区
, 内蒙古自治区包头市九原区沙河镇沙河街（包头市九原区经贸局办公楼）
海宁市城市发展投资集团有限公司 ,浙江省
, 海宁市海洲路89号
绍兴市协通实业发展有限公司 ,浙江省
, 绍兴市越城区中兴北路195号
南京东部园林绿化建设发展有限公司 ,江苏省
, 南京市玄武区花园路2号六层
绍兴市柯桥区中心城建设投资开发有限公司 ,浙江省
, 绍兴市柯桥区柯桥群贤路2069号10楼
宁海县城投集团有限公司 ,浙江省
, 宁海县跃龙街道桃源中路135号
安吉县城西北开发有限公司 ,浙江省
, 递铺镇胜利西路1号6楼
湖州吴兴南太湖建设投资有限公司 ,浙江省
, 湖州市湖东路457号
绍兴市城中村改造建设投资有限公司 ,浙江省
, 绍兴市中兴南路756号外山小学综合办公楼3楼
安顺市城市建设投资有限责任公司 ,贵州省
, 贵州省安顺市安顺市西秀区中华东路（原东门坡友爱路段）
徐州市新城区国有资产经营有限责任公司 ,江苏省
, 徐州淮海食品城饮食文化村A1号楼
淮安新城投资开发有限公司 ,江苏省
, 淮安市福地路1号1号楼3、4层
长兴城市建设有限公司 ,浙江省
, 长兴县雉城镇金陵中路257号
广西柳州市建设投资开发有限责任公司 ,广西壮族自治区
, 柳州市学院路35号
嘉兴市闻源水务投资有限公司 ,浙江省
, 秀洲区王江泾镇古塘路
贵州高速公路投资有限公司 ,贵州省
, 贵州省贵阳市北京路266号
绍兴市上虞区交通投资有限公司 ,浙江省
, 绍兴市上虞区百官街道市民大道678号第八层811-812室
宁波市镇海区海江投资发展有限公司 ,浙江省
, 宁波市镇海区招宝山街道聪园路118号(建设银行9楼)
余姚经济开发区建设投资发展有限公司 ,浙江省
, 余姚市子陵路203号
湖州市中兴建设开发公司 ,浙江省
, 湖州龙王山路888号
江西南昌旅游集团有限公司 ,江西省
, 江西省南昌市西湖区沿江中路７７号
广东海航乐万家连锁超市有限公司 ,广东省
, 梅州市环市北路运兴市场内
江苏太仓港开发建设股份有限公司 ,江苏省
, 江苏太仓市城厢镇太平北路２９号
云南省工业投资控股集团有限责任公司 ,云南省
, 云南省昆明经济技术开发区出口加工区顺通大道50号
湖南德山建设投资股份有限公司 ,湖南省
, 湖南省常德经济技术开发区德山办事处莲花池居委会八组（德山中路）
成都铸康实业有限公司 ,四川省
, 成都市温江区永宁芙蓉古城川西区11号
山东钢铁集团有限公司 ,山东省
, 山东省济南市高新区舜华路2000号舜泰广场4号楼
都江堰兴堰投资有限公司 ,四川省
, 四川省成都市都江堰市幸福镇联盟村四组1幢
广西正润发展集团有限公司 ,广西壮族自治区
, 贺州市电子科技园区正润大道1号
北京新奥集团有限公司 ,北京市
, 北京市朝阳区亚运村北辰东路8号
泰州市新滨江开发有限责任公司 ,江苏省
, 泰州经济开发区滨江工业园疏港路2号
漳州市九龙江集团有限公司 ,福建省
, 漳州市芗城区上街1号片仔癀综合大楼18层
天津市海河建设发展投资有限公司 ,天津市
, 天津市华苑产业区物华道2号海泰火炬创业园A-306室
贵州省物资集团有限责任公司 ,贵州省
, 贵州省贵阳市富水北路68号
城发投资集团有限公司 ,山东省
, 青岛经济技术开发区长江中路519号建国大厦七层
伊宁市国有资产投资经营有限责任公司 ,新疆维吾尔自治区
, 伊宁市胜利街109号
成都元成建筑安装工程有限公司 ,四川省
, 成都市金堂县淮口镇学府街2号
湖南平江常胜建设发展有限公司 ,湖南省
, 平江县伍市镇普庆村（伍市工业园）
苏州历史文化名城保护集团有限公司 ,江苏省
, 苏州市临顿路216号7号楼
宜兴市城市发展投资有限公司 ,江苏省
, 宜兴市宜城街道荆溪中桥五局大院
上海大新华航运发展有限公司 ,上海市
, 中国（上海）自由贸易试验区业盛路188号A楼414室
大连黄海港务有限公司 ,辽宁省
, 辽宁省庄河市昌盛街道打拉腰村（市政府房屋）
呼和浩特春华水务开发集团有限责任公司 ,内蒙古自治区
, 内蒙古自治区呼和浩特市赛罕区新华东街１０号
济源市济康科技有限公司 ,河南省
, 济源市文津街1号
山西煤炭进出口集团有限公司 ,山西省
, 太原市长风街115号..
扬中市中扬现代渔业产业发展有限公司 ,江苏省
, 扬中市三茅镇永和村
江苏句容福地生态科技有限公司 ,江苏省
, 句容市华阳镇华阳东路16号
镇江交通产业集团有限公司 ,江苏省
, 镇江市润州区官塘桥路200号
昆明滇池国家旅游度假区国有资产投资经营管理有限责任公司 ,云南省
, 昆明市度假区滇池路西贡码头第8幢1-3层
无锡锡东科技投资控股有限公司 ,江苏省
, 无锡市锡山经济开发区友谊南路88号
唐山市通顺交通投资开发有限责任公司 ,河北省
, 路北区大里路125号
嘉兴市湘家荡发展投资集团有限公司 ,浙江省
, 嘉兴市南湖区七星镇湘家荡旅游度假区内江南新家园商铺46－80号
新郑市政通投资控股有限公司 ,河南省
, 新郑市中华路南段188号
广西铁路投资集团有限公司 ,广西壮族自治区
, 南宁市青秀区金浦路33号港务大厦27层
成都市润弘投资有限公司 ,四川省
, 郫县郫筒镇望丛中路326号
海安县交通建设投资有限公司 ,江苏省
, 海安县海安镇江海西路1号
安吉县大竹海旅游有限公司 ,浙江省
, 天荒坪镇港口村
中山市城市建设投资集团有限公司 ,广东省
, 中山市东区兴政路1号中山中环广场1座901号、902号之二卡
漳州市交通发展集团有限公司 ,福建省
, 福建省漳州市龙文区水仙大街交通服务指挥中心附属楼五楼
靖江市华宇投资建设有限公司 ,江苏省
, 靖江经济开发区康桥路1号
新沂市交通投资有限公司 ,江苏省
, 新沂市钟吾南路交通大楼第五层
江阴市公有资产经营有限公司 ,江苏省
, 江阴市暨阳路12号
泸州市工业投资集团有限公司 ,四川省
, 泸州市江阳区迎晖路47号6楼
贵州省福泉磷矿有限公司 ,贵州省
, 贵州省黔南布依苗族自治州福泉县福泉市高坪乡英坪村
苏州汾湖投资集团有限公司 ,江苏省
, 吴江区黎里镇府前路北侧
湘潭市两型社会建设投融资有限公司 ,湖南省
, 湘潭市雨湖区大湖北路98号市财政局办公楼一楼
长兴县永兴建设开发有限公司 ,浙江省
, 长兴县雉城镇县前街402号
邳州市恒润城市投资有限公司 ,江苏省
, 邳州市长安路行政中心8号楼
连云港振兴实业集团有限公司 ,江苏省
, 连云港市海州区兴隆路17号
南宁威宁投资集团有限责任公司 ,广西壮族自治区
, 南宁市良庆区五象大道西段669号广西体育中心四楼
广西来宾城建投资集团有限公司 ,广西壮族自治区
, 来宾市滨江北路１２８号
成都兴城投资集团有限公司 ,四川省
, 成都市高新区濯锦东路99号
无锡沪宁城铁惠山站区投资开发建设有限公司 ,江苏省
, 无锡市惠山区前洲街道常玉路52
济南高新控股集团有限公司 ,山东省
, 济南市工业南路28号
湘潭九华经济建设投资有限公司 ,湖南省
, 湘潭九华示范区宝马东路1号九华大厦
都江堰兴市投资有限公司 ,四川省
, 四川省成都市都江堰市翔凤路693号
湖南洞庭资源开发有限公司 ,湖南省
, 湘阴县文星镇先锋路吴家湾43号
重庆市涪陵交通旅游建设投资集团有限公司 ,重庆市
, 重庆市涪陵区兴华东路（荔枝顺江1、2社）C区负1层至13层
伊犁哈萨克自治州财通国有资产经营有限责任公司 ,新疆维吾尔自治区
, 新疆伊犁州伊宁市新华西路64号
威海市国有资本运营有限公司 ,山东省
, 山东省威海市高区怡园街道古寨东路119号2-8层
巴中经济开发区市政工程有限公司 ,四川省
, 四川省巴中市江北新区
资阳市诚兴建设有限责任公司 ,四川省
, 资阳市芭蕉园市建设局内
浙江省浙商资产管理有限公司 ,浙江省
, 杭州市西湖大道193号301室
大连普湾工程项目管理有限公司 ,辽宁省
, 辽宁省大连普湾新区普湾广场一号
江苏伟驰建设发展有限公司 ,江苏省
, 江苏武进经济开发区腾龙路2号
利辛县春蕾农业发展有限责任公司 ,安徽省
, 安徽省亳州市利辛县城关镇前进路18号
彭州市统一建设集团有限公司 ,四川省
, 成都市彭州市天彭镇小南街68号
无锡锡东新城建设发展有限公司 ,江苏省
, 无锡市锡山区安镇镇东兴路198号
云南省投资控股集团有限公司 ,云南省
, 云南省昆明市拓东路15号
河北省新合作控股集团有限公司 ,河北省
, 石家庄市建设南大街21号付一号
镇江文化旅游产业集团有限责任公司 ,江苏省
, 镇江市京江路1号
内蒙古高新控股有限公司 ,内蒙古自治区
, 内蒙古自治区包头市稀土高新区创业园区
云南省城市建设投资集团有限公司 ,云南省
, 云南省昆明市高新区海源北路六号高新招商大厦
龙城旅游控股集团有限公司 ,江苏省
, 常州新北区汉江东路1号
常州市金坛茅山景区资产经营有限公司 ,江苏省
, 常州市金坛区薛埠镇茅山度假村2号楼
天地源股份有限公司 ,上海市
, 中国（上海）自由贸易试验区张杨路500号26层K单元
湖南省高速公路投资集团有限公司 ,湖南省
, 长沙市芙蓉区远大一路649号001栋715室
重庆市黔江区八方建筑工程有限责任公司 ,重庆市
, 重庆市黔江区正阳街道办事处群力居委(城投大厦1号楼6楼)
南京化学工业园有限公司 ,江苏省
, 南京化学工业园区方水路168号
云南建工集团有限公司 ,云南省
, 云南省昆明经济技术开发区信息产业基地林溪路188号
大连星海湾金融商务区投资管理股份有限公司 ,辽宁省
, 辽宁省大连市沙河口区中山路576-18号
苏州高新区自来水有限公司 ,江苏省
, 苏州高新区竹园路300号
云南路桥股份有限公司 ,云南省
, 云南省昆明市官渡区关上宝海路星河明居
都江堰兴市水业有限公司 ,四川省
, 四川省成都市都江堰市玉堂镇石牛村1组、2组
无锡市新区发展集团有限公司 ,江苏省
, 无锡市新区天山路5号
成都市龙泉现代农业投资有限公司 ,四川省
, 四川省成都市龙泉驿区龙泉街道董郎路229号
张家界天门旅游经济投资有限责任公司 ,湖南省
, 张家界市永定区永定大道251号
武汉新港建设投资开发集团有限公司 ,湖北省
, 东西湖区常青花园2小区40栋C单元
贵州省公路工程集团有限公司 ,贵州省
, 贵州省贵州省贵阳市白云大道南段３０５号
上海国有资产经营有限公司 ,上海市
, 上海市徐汇区天钥桥路329号807室
福建省能源集团有限责任公司 ,福建省
, 福州市省府路1号
浙江省国有资本运营有限公司 ,浙江省
, 杭州市体育场路桃花弄2号4楼
山东海洋投资有限公司 ,山东省
, 济南市市中区旅游路28666号国华东方美郡1区6号楼
昆明市高速公路建设开发股份有限公司 ,云南省
, 昆明市盘龙路25号院1幢14楼
福建省投资开发集团有限责任公司 ,福建省
, 福州市湖东路169号天骜大厦14层
南昌市政公用投资控股有限责任公司 ,江西省
, 江西省南昌市青山湖区湖滨东路1399号
大连港集团有限公司 ,辽宁省
, 辽宁省大连市中山区港湾街1号
海通开元投资有限公司 ,上海市
, 上海市黄浦区广东路689号26楼07-12室
南通汽运实业集团有限公司 ,江苏省
, 姚港路2号
闽西兴杭国有资产投资经营有限公司 ,福建省
, 上杭县临江镇振兴路110号
景德镇市国有资产经营管理有限公司 ,江西省
, 江西省景德镇市昌江区瓷都大道1109号
新昌县交通投资有限公司 ,浙江省
, 新昌县七星街道鼓山西路650号
泰豪科技股份有限公司 ,江西省
, 江西省南昌市高新开发区清华泰豪大楼
北京华胜天成科技股份有限公司 ,北京市
, 北京市海淀区学清路8号科技财富中心A座11层
中联重科股份有限公司 ,湖南省
, 湖南省长沙市岳麓区银盆南路361号
万科企业股份有限公司 ,广东省
, 深圳市盐田区大梅沙环梅路33号万科中心
焦作万方铝业股份有限公司 ,河南省
, 河南省焦作市马村区待王镇焦新路南侧
浙江报喜鸟服饰股份有限公司 ,浙江省
, 浙江省永嘉县瓯北镇报喜鸟工业区
中国南玻集团股份有限公司 ,广东省
, 深圳市南山区招商街道工业六路一号南玻大厦
北京三聚环保新材料股份有限公司 ,北京市
, 北京市海淀区人大北路33号1号楼大行基业大厦9层
中兴通讯股份有限公司 ,广东省
, 深圳市南山区高新技术产业园科技南路中兴通讯大厦
新疆金风科技股份有限公司 ,新疆维吾尔自治区
, 新疆乌鲁木齐经济技术开发区上海路107号
博彦科技股份有限公司 ,北京市
, 北京市海淀区东北旺西路8号中关村软件园9号楼三区A座
河南辉煌科技股份有限公司 ,河南省
, 郑州市高新技术产业开发区科学大道74号
山西省经济建设投资集团有限公司 ,山西省
, 太原市小店区王村南街65号
浙江航民股份有限公司 ,浙江省
, 杭州市萧山区瓜沥镇航民村
句容市茅山湖康体养生旅游度假有限公司 ,江苏省
, 句容市后白镇二圣湖管理所旁
苏州相城经济开发区琳桥绿化有限公司 ,江苏省
, 苏州相城经济开发区上浜村
镇江索普化工新发展有限公司 ,江苏省
, 镇江市丹徒长岗
江苏扬安集团有限公司 ,江苏省
, 扬州市史可法路19号
湖北福星科技股份有限公司 ,湖北省
, 湖北省汉川市沉湖镇福星街1号
青岛市城阳蔬菜水产品批发市场有限公司 ,山东省
, 青岛市城阳区城阳村
南山集团有限公司 ,山东省
, 山东省龙口市南山工业园
常熟新材料产业园污水处理有限公司 ,江苏省
, 江苏高科技氟化学工业园
广汇能源股份有限公司 ,新疆维吾尔自治区
, 新疆乌鲁木齐市经济技术开发区上海路16号
北京万通地产股份有限公司 ,北京市
, 北京市海淀区丹棱街16号海兴大厦B座8233房间
上海豫园旅游商城股份有限公司 ,上海市
, 上海市文昌路19号
新湖中宝股份有限公司 ,浙江省
, 嘉兴市中山路禾兴路口
金发科技股份有限公司 ,广东省
, 广州市高新技术产业开发区科学城科丰路33号
南京钢铁股份有限公司 ,江苏省
, 南京市六合区卸甲甸
杭州士兰微电子股份有限公司 ,浙江省
, 杭州市黄姑山路4号
浙江康恩贝制药股份有限公司 ,浙江省
, 兰溪市康恩贝大道1号
上海紫江企业集团股份有限公司 ,上海市
, 上海市申富路618号
宁波杉杉股份有限公司 ,浙江省
, 宁波鄞州区望春工业园区云林中路238号
广东东阳光科技控股股份有限公司 ,广东省
, 广东省韶关市乳源县乳城镇侯公渡
新光控股集团有限公司 ,浙江省
, 义乌市青口工业区
江苏亨通光电股份有限公司 ,江苏省
, 江苏省吴江市七都镇亨通大道88号
华夏幸福基业股份有限公司 ,河北省
, 河北省固安县京开路西侧三号路北侧一号
融创房地产集团有限公司 ,天津市
, 天津市西青区经济开发区七支路8号506、507室
海亮集团有限公司 ,浙江省
, 诸暨市店口镇解放路386号
冠城大通股份有限公司 ,福建省
, 福州市开发区快安延伸区创新楼
红豆集团有限公司 ,江苏省
, 无锡市锡山区东港镇港下兴港路
祥源控股集团有限责任公司 ,浙江省
, 绍兴市迪荡新城汇金大厦十楼
山东焦化集团有限公司 ,山东省
, 张店区柳泉路97号
重庆龙湖企业拓展有限公司 ,重庆市
, 重庆市北部新区人和镇柏林村龙湖西路8号
美都能源股份有限公司 ,浙江省
, 浙江省德清县武康镇德清大道299号2601室、2602室
昆药集团股份有限公司 ,云南省
, 云南省昆明市高新技术产业开发区科医路166号
五洋建设集团股份有限公司 ,浙江省
, 浙江省绍兴市上虞百官街道江东北路588号11楼
梅花生物科技集团股份有限公司 ,西藏自治区
, 拉萨市金珠西路189号
月星集团有限公司 ,江苏省
, 常州市光华路198号
盛屯矿业集团股份有限公司 ,福建省
, 厦门市翔安区双沪北路1号之2二楼
中国泛海控股集团有限公司 ,国家总局
, 北京市东城区建国门内大街28号民生金融中心C座23层
旭辉集团股份有限公司 ,上海市
, 青浦区练塘镇练新东路
泰州三福重工集团有限公司 ,江苏省
, 泰州市高港区口岸镇口永路58号
山东金茂纺织化工集团有限公司 ,山东省
, 东营市东营区莒州路56号
绿城房地产集团有限公司 ,浙江省
, 杭州市杭大路1号黄龙世纪广场A10楼
北京同创九鼎投资管理股份有限公司 ,北京市
, 北京市西城区金融大街7号英蓝国际金融中心F618
安徽山鹰纸业股份有限公司 ,安徽省
, 安徽省马鞍山市勤俭路3号
九州通医药集团股份有限公司 ,湖北省
, 湖北省武汉市汉阳区龙阳大道特8号
通威股份有限公司 ,四川省
, 成都市高新区二环路南四段11号
内蒙古亿利能源股份有限公司 ,内蒙古自治区
, 内蒙古自治区鄂尔多斯市东胜区鄂尔多斯西街亿利大厦二层30号
内蒙古鄂尔多斯资源股份有限公司 ,内蒙古自治区
, 内蒙古鄂尔多斯市东胜区罕台轻纺街1号
天士力制药集团股份有限公司 ,天津市
, 天津市北辰区普济河东道2号（天士力现代中药城）
永泰能源股份有限公司 ,山西省
, 灵石县翠峰镇新建街南110号
四川西部资源控股股份有限公司 ,四川省
, 四川绵阳高新区火炬大厦B区
赛轮金宇集团股份有限公司 ,山东省
, 青岛经济技术开发区江山中路西侧(高新技术工业园)
骆驼集团股份有限公司 ,湖北省
, 湖北省谷城县石花镇武当路83号
双良节能系统股份有限公司 ,江苏省
, 江苏省江阴市利港镇
桐昆集团股份有限公司 ,浙江省
, 浙江省桐乡市洲泉镇金鸡路188号
广东榕泰实业股份有限公司 ,广东省
, 广东省揭阳市新兴东二路１号
江河创建集团股份有限公司 ,北京市
, 北京市顺义区牛汇北五街5号
华仪电气股份有限公司 ,浙江省
, 浙江省乐清经济开发区中心大道228号
新疆众和股份有限公司 ,新疆维吾尔自治区
, 新疆乌鲁木齐市高新区喀什东路１８号
浙江正泰电器股份有限公司 ,浙江省
, 浙江省乐清市北白象镇正泰工业园区正泰路1号
江苏综艺股份有限公司 ,江苏省
, 江苏省南通市通州区兴东镇黄金村
康美药业股份有限公司 ,广东省
, 广东省普宁市流沙镇长春路中段
健康元药业集团股份有限公司 ,广东省
, 深圳市南山区高新区北区朗山路17号健康元药业集团大厦
江苏鹿港科技股份有限公司 ,江苏省
, 张家港市塘桥镇鹿苑镇
庞大汽贸集团股份有限公司 ,河北省
, 滦县火车站东一公里处
吉林华微电子股份有限公司 ,吉林省
, 吉林市高新区深圳街99号
七台河宝泰隆煤化工股份有限公司 ,黑龙江省
, 黑龙江省七台河市新兴区宝泰隆路16号
富贵鸟股份有限公司 ,福建省
, 石狮市八七路东段富贵鸟工业园
魏桥纺织股份有限公司 ,山东省
, 山东省邹平县魏桥镇齐东路34号
内蒙古伊泰煤炭股份有限公司 ,内蒙古自治区
, 内蒙古鄂尔多斯市东胜区天骄北路
四川和邦生物科技股份有限公司 ,四川省
, 乐山市五通桥区牛华镇沔坝村
贵人鸟股份有限公司 ,福建省
, 晋江市陈埭沟西工业区
深圳香江控股股份有限公司 ,广东省
, 深圳市福田区金田路皇岗商务中心1号楼3406A单元
广州市时代地产集团有限公司 ,广东省
, 广州市白云区黄边北路向荣街338号101-A1房
瀚华金控股份有限公司 ,重庆市
, 重庆市渝北区洪湖东路11号2幢6-9
浙江升华拜克生物股份有限公司 ,浙江省
, 浙江省德清县钟管镇工业区
江苏新城地产股份有限公司 ,江苏省
, 常州市武进区湖塘镇人民东路158号高新开发区经创中心
卧龙地产集团股份有限公司 ,浙江省
, 浙江省绍兴市上虞区经济开发区
深圳市龙丹食品有限公司 ,广东省
, 深圳市福田区中心区民田路178号华融大厦32楼3205室
南京瑞源建设工程有限公司 ,江苏省
, 南京市江宁区秣陵街道殷华街28号
山东中磁视讯股份有限公司 ,山东省
, 济南市高新区舜华路2000号舜泰广场2号楼12层
湖北金叶玉阳化纤有限公司 ,湖北省
, 当阳市广州路77号******
山东赛特新材料股份有限公司 ,山东省
, 山东省桓台县果里镇侯庄路60号
北京凯英信业科技股份有限公司 ,北京市
, 北京市海淀区学院路30号科大天工大厦B座18层01-15室
浙江夏之远船舶经营有限公司 ,浙江省
, 舟山市普陀区沈家门街道菜市路185号财富商务楼11楼
四川柏狮光电技术有限公司 ,四川省
, 遂宁市国开区玉龙路610号柏狮光电园
山东滨州新天阳化工有限责任公司 ,山东省
, 滨城区滨北开发区永莘路169号
丹阳市江南面粉有限公司 ,江苏省
, 丹阳市珥陵镇三陵桥北侧
武汉新诚高铁市政工程有限公司 ,湖北省
, 武汉市武昌区徐东大街88号都市经典D栋18-19层2室
浙江康迪车业有限公司 ,浙江省
, 金华市工业园区
泉州市汉威机械制造有限公司 ,福建省
, 泉州市鲤城区常泰街道斗南街123号
江苏八达园林有限责任公司 ,江苏省
, 常州市武进区嘉泽镇夏溪森茂街
陕西国德电气制造有限公司 ,陕西省
, 西安市高新技术产业开发区丈八二路19号
福建省邵武京天工艺有限公司 ,福建省
, 邵武市经济技术开发区
阿拉善盟岚岳煤炭有限责任公司 ,内蒙古自治区
, 内蒙古自治区阿拉善盟阿拉善经济开发区（乌斯太镇）乌巴路南5公里处
厦门圣达威服饰有限公司 ,福建省
, 厦门市思明区莲前西路597号202室
天津赛恩能源技术有限公司 ,天津市
, 华苑产业区桂苑路18号
广东海纳农业有限公司 ,广东省
, 惠州市惠城区水口镇中心村开发区
北京嘉林药业股份有限公司 ,北京市
, 北京市朝阳区东直门外大山子酒仙桥路2号
安徽华岳矿物材料有限公司 ,安徽省
, 安徽省安庆市岳西县温泉镇解放村
杭州建工混凝土有限公司 ,浙江省
, 拱墅区康桥路409号
天津市泰亨气体有限公司 ,天津市
, 西青经济开发区大寺工业园海泽路38-9号
安徽蓝博旺机械集团 ,安徽省
, 安徽省六安市寿县炎刘镇炎合路
东阳福添影视有限公司 ,浙江省
, 浙江横店影视产业实验区C7-005-B
昭仪新天地股份有限公司 ,北京市
, 北京市朝阳区建国路89号院7号楼L12
北京新华空港航空食品有限公司 ,北京市
, 北京市顺义区天竺空港工业区A区
内蒙古奶联科技有限公司 ,内蒙古自治区
, 内蒙古自治区呼和浩特市土左旗兵州亥农业开发区
重庆华联商厦鸿瑞百货有限公司 ,重庆市
, 重庆市南岸区南坪西路3号
江苏恒星钨钼有限公司 ,江苏省
, 扬州市江都区仙女镇张纲工业配套园
宿迁市致富皮业有限公司 ,江苏省
, 江苏省宿迁市宿迁经济开发区（北区）扬子路北侧
浙江大东吴集团建材构配件有限公司 ,浙江省
, 浙江省湖州市三里桥路685号
东瑞食品集团有限公司 ,广东省
, 东源县仙塘镇蝴蝶岭工业城01-11地块
天津天地伟业科技有限公司 ,天津市
, 华苑产业区榕苑路1号天大天财软件大厦A区606-609室
恩施山寨皮革有限公司 ,湖北省
, 湖北省恩施市解放路193号
重庆广建装饰股份有限公司 ,重庆市
, 重庆市江北区港安二路16号附3号9-1
上海海希工业通讯股份有限公司 ,上海市
, 上海市徐汇区田林路388号1幢1026，1028-1033室
山东胜伟园林科技有限公司 ,山东省
, 潍坊市滨海经济开发区香江大街99号7楼
襄阳华中光彩大市场物业管理有限公司 ,湖北省
, 襄阳市襄州区邓城大道1号
资兴市苏佳物资环保有限公司 ,湖南省
, 资兴经济开发区江北工业园B1地段
华夏幸福基业控股股份公司 ,河北省
, 固安县京开路西侧
新华联不动产股份有限公司 ,黑龙江省
, 北京市通州区潞城镇人民政府北楼209室
遵义市高新产业园股份有限公司 ,贵州省
, 贵州省遵义市遵义市汇川区汇川大道北段333号
阳光城集团股份有限公司 ,福建省
, 福州市经济技术开发区星发路8号
广东天安新材料股份有限公司 ,广东省
, 佛山市禅城区南庄镇吉利工业园新源一路30号
青海山一中氚太阳能电力有限公司 ,青海省
, 青海省格尔木市食品街6号11栋1单元132室
平顶山平临高速公路有限责任公司 ,河南省
, 平顶山市新城区高速公路收费站
深圳市海格物流股份有限公司 ,广东省
, 深圳市盐田区盐田港进港三路物流中心大楼608
泰禾集团股份有限公司 ,福建省
, 三明市梅列区徐碧
荣盛房地产发展股份有限公司 ,河北省
, 廊坊经济技术开发区祥云道81号荣盛发展大厦
泛海控股股份有限公司 ,广东省
, 北京市东城区建国门内大街28号民生金融中心C座22层
福建阳光集团有限公司 ,福建省
, 福州市马尾区朏头村卧龙山庄西侧
平阳县利得海涂围垦开发有限公司 ,浙江省
, 平阳县鳌江镇兴敖东路（雨田大厦四楼）
江苏中南建设集团股份有限公司 ,江苏省
, 江苏省海门市常乐镇
中利科技集团股份有限公司 ,江苏省
, 江苏省常熟东南经济开发区
青岛宁泰鑫环保科技股份有限公司 ,山东省
, 青岛胶州市杜村镇工业园
浙江荣翔实业有限公司 ,浙江省
, 杭州市上城区大名空间商务大厦1003室
深圳市万极科技股份有限公司 ,广东省
, 深圳市罗湖区南湖街道深南东路2019号东乐大厦6楼610室
江苏广亚建设集团有限公司 ,江苏省
, 江苏武进经济开发区腾龙路2号
青岛豪士诚能源科技有限公司 ,山东省
, 青岛经济技术开发区舟山岛街29号126室
北京讯鸟软件有限公司 ,北京市
, 北京市海淀区知春路113号银网中心A302室
青海金鼎水泥有限公司 ,青海省
, 青海省海东市乐都区雨润镇汉庄村
山东高唐泉洁纸业有限公司 ,山东省
, "高唐县省道316以南
河南省天润包装有限公司 ,河南省
, 郑州航空港区台商投资区新港大道南段东侧08幢
江西绿保木竹有限公司 ,江西省
, 江西省宜春市宜丰县良岗工业园
广州浩越能源科技有限公司 ,广东省
, 广州市天河区华夏路28号富力盈信大厦1404房
上海茗强实业有限公司 ,上海市
, 崇明县潘园公路1800号782室（上海泰和经济开发区）
昌邑市明兴饲料有限责任公司 ,山东省
, K昌邑市夏店镇工业园区
天瑞集团萧县水泥有限公司 ,安徽省
, 萧县经济开发区
东营科力化工有限公司 ,山东省
, 东营、广饶李鹊经济开发区
莱芜信通印刷设备有限公司 ,山东省
, 莱芜高新区龙潭东大街以南
新疆拓普农业股份有限公司 ,新疆维吾尔自治区
, 新疆巴州库尔勒经济技术开发区兴民路东侧安庆大道南侧
山东万思顿农业产业园有限公司 ,山东省
, 山东省滨州市沾化区思源湖工业园(荣乌高速路沾化西出口北200米)
深圳市为海建材有限公司 ,广东省
, 深圳市龙岗区布吉镇石龙坑村工业区厂房第二栋一楼
安徽白兔湖动力股份有限公司 ,安徽省
, 安徽省安庆市桐城经济开发区同祥路
内蒙古萌业粮油农副产品有限责任公司 ,内蒙古自治区
, 内蒙古自治区巴彦淖尔市乌拉特前旗１１０国道交叉南侧
北京电信易通信息技术股份有限公司 ,北京市
, 北京市海淀区北蜂窝2号中盛大厦1109室
黎明液压有限公司 ,浙江省
, 温州市鹿城区盛宇路58号
青岛银河环保股份有限公司 ,山东省
, 青岛市崂山区辽阳东路16-19号1-2层
安徽胜昔新材料科技有限公司 ,安徽省
, 安徽省六安市承接产业转移集中示范区
中天城投集团股份有限公司 ,贵州省
, 贵州省贵州省贵阳市观山湖区中天路3号
北京金一文化发展股份有限公司 ,北京市
, 北京市西城区榆树馆一巷4幢202号
济南群康食品有限公司 ,山东省
, 济南市历城区花园路200号
山东金鹏生物科技有限公司 ,山东省
, 禹城市十里望工业园
深圳市巨龙科教高技术股份有限公司 ,广东省
, 深圳市南山区高新技术工业村南区T3栋四楼
镇江市大港建筑安装工程有限公司 ,江苏省
, 镇江新区大港世纪花苑1号楼东侧办公楼301室
山东威斯特车业有限公司 ,山东省
, 枣庄高新区泰国工业园
天津金硕信息科技集团股份有限公司 ,天津市
, 天津市华苑产业区物华道2号A座3－074室
北京华索科技股份有限公司 ,北京市
, 北京市海淀区上地东路1号盈创动力大厦5号楼403室
武汉丹枫白露酒店管理有限公司 ,湖北省
, 武汉市江岸区三阳路118号金阳新城A栋
沈阳金河混凝土有限公司 ,辽宁省
, 沈阳市东陵区前进乡大洼村
浙江朝晖过滤技术股份有限公司 ,浙江省
, 浙江省桐乡市崇福镇经济开发区世纪大道北侧
青岛三特电器集团有限公司 ,山东省
, 山东省青岛即墨市城霞路2号
南通一建集团有限公司 ,江苏省
, 南通市工农路111号华辰大厦3座4楼
山东畅通路桥股份有限公司 ,山东省
, 山东省济青高速公路高密北出口对面
宝清县同利建筑工程有限责任公司 ,黑龙江省
, 黑龙江省双鸭山市宝清县宝清镇晟业物流小区D座二层
河南太平种猪繁育有限公司 ,河南省
, 原阳县大宾乡高明古村
山东天泰钢塑有限公司 ,山东省
, 高唐县姜店乡鲁庄村
宁夏吉元冶金集团有限公司 ,宁夏回族自治区
, 平罗县太西镇太沙工业小区
上海紫竹信息数码港有限公司 ,上海市
, 上海市闵行区东川路555号丙楼5208室
江苏润扬交通工程集团有限公司 ,江苏省
, 扬州市邗江中路330号（星座国际商务中心）13楼-1301
浙江彭公竹制品有限公司 ,浙江省
, 杭州余杭区瓶窑镇彭公村板石1-1号
高密思美尔服饰有限公司 ,山东省
, 高密市高密经济技术开发区家纺路(北)3333号
安徽湖滨建设集团有限公司 ,安徽省
, 安徽省合肥市瑶海区天长路64号
镇江市丹徒区科创建设有限公司 ,江苏省
, 镇江市丹徒新城瑞山东路9号
浙江海普顿新材料股份有限公司 ,浙江省
, 杭州余杭区良渚街道七贤桥村12-16幢
九江金凤凰装饰材料有限公司 ,江西省
, 江西省九江市永修县恒丰镇
广州南菱汽车股份有限公司 ,广东省
, 广州市白云区白云大道北1399号
山东惠泽农牧科技有限公司 ,山东省
, 邹平县码头镇
济宁碳素集团有限公司 ,山东省
, 济宁市任城大道99号
浙江嘉澳环保科技股份有限公司 ,浙江省
, 桐乡经济开发区
锦州宝地装饰工程有限公司 ,辽宁省
, 锦州市太和区凌云里曼哈顿B2区18-35、36号
浙江大港印染有限公司 ,浙江省
, 湖州市织里镇大潘兜村
山东寿光神润发海洋化工有限公司 ,山东省
, 寿光渤海化工园黄海路8号
江西省路桥工程集团有限公司 ,江西省
, 江西省南昌市西湖区井冈山大道1352号
山东众冠钢板有限公司 ,山东省
, 聊城市冠县鲁西新世纪工业园内
杭州易辰孚特汽车零部件有限公司 ,浙江省
, 临安市青山湖街道泉口村
内蒙古庆华集团顺嘉商贸有限公司 ,内蒙古自治区
, 内蒙古自治区巴彦淖尔市乌拉特中旗海流图镇煤炭大厦九楼
北京神雾环境能源科技集团股份有限公司 ,北京市
, 北京市昌平区科技园区昌怀路155号
西安华新新能源股份有限公司 ,陕西省
, 西安市临潼区新丰工业园区
杭州钱江四桥经营有限公司 ,浙江省
, 杭州市西湖区留转路工业园区8号
贵州省凯里合力电线电缆有限公司 ,贵州省
, 贵州省黔东南苗族侗族自治州凯里市凯里市三棵树镇原771厂内
恒远国际工程集团有限公司 ,江苏省
, 扬州市江都区丁伙镇工业园区
营口天瑞水泥有限公司 ,辽宁省
, 鲅鱼圈区芦屯镇工业区
潍坊振富工贸有限公司 ,山东省
, 山东省潍坊市高密市密水街道平安大道288号
南京六合路桥建设有限公司 ,江苏省
, 南京金牛工业集中区（六合区金牛湖街道境内）
安徽省路网交通建设集团有限公司 ,安徽省
, 安徽省合肥市马鞍山南路富成大厦7楼
山东海益宝水产股份有限公司 ,山东省
, 山东省海阳市龙山街道海滨西路海益宝产业化园区
曲靖众一精细化工股份有限公司 ,云南省
, 云南省向桂大村
邵武市中鼎竹业有限公司 ,福建省
, 邵武市苦竹湾
湖南华兴工程建设有限公司 ,湖南省
, 衡阳市红湘北路75号
临沂医药集团有限公司 ,山东省
, 临沂市经济开发区沂河东路101号
武汉丰太建筑有限公司 ,湖北省
, 硚口区汉正街250号
武汉建工第二建筑有限公司 ,湖北省
, 武昌区民主路５９６号
重庆惠通路桥工程有限责任公司 ,重庆市
, 重庆市南岸区南坪正街72号
银川市艾尼散热器有限公司 ,宁夏回族自治区
, 银川市德胜工业园区虹桥北路
宁夏建成砼业有限公司 ,宁夏回族自治区
, 宁夏永宁县望远镇板桥村
淮安市尧塘装饰工程有限公司 ,江苏省
, 淮安市清河新区广州路8号528室
佛山欧神诺陶瓷股份有限公司 ,广东省
, 佛山市三水区乐平镇范湖工业区
天津重钢机械装备股份有限公司 ,天津市
, 天津市滨海新区塘沽厦门路139号
山东乳山维多利亚海湾旅游开发股份有限公司 ,山东省
, 乳山市海阳所镇驻地(龙海山庄)
山东派森科技有限公司 ,山东省
, 武城县城经济开发区顺河街南
青岛国际橡胶交易市场有限公司 ,山东省
, 青岛保税区北京路56号恒通写字楼5层
杭州益维汽车工业有限公司 ,浙江省
, 杭州经济技术开发区文津路501号U2库
湖北顺泰建设有限公司 ,湖北省
, 武汉市汉南区私营经济开发区
浙江绩丰岩土技术股份有限公司 ,浙江省
, 杭州市西溪路560号5幢8楼801室
苏州同里国际旅游开发有限公司 ,江苏省
, 江苏省吴江区同里镇中川南路1号
湖州金泰科技股份有限公司 ,浙江省
, 湖州市金泰路1888号
杭州西子孚信科技有限公司 ,浙江省
, 杭州市江干区机场路62号
江南阀门有限公司 ,浙江省
, 温州机场大道616号
湖州天外绿色包装印刷有限公司 ,浙江省
, 湖州市红丰路1600号
北京金豪制药股份有限公司 ,北京市
, 北京市北京经济技术开发区运成街7号1号楼
天津星美影城管理有限公司 ,天津市
, 天津市河西区南北大街1号401
北京回龙观星美国际影城管理有限公司 ,北京市
, 北京市昌平区回龙观镇西大街111号3层
北京名翔国际影院管理有限公司 ,北京市
, 北京市海淀区远大路1号(金源时代购物中心5层东南角)
北京望京星美国际影城管理有限公司 ,北京市
, 北京市朝阳区望京街9号望京新城B区A座A座四层
苏州漕湖科技发展股份有限公司 ,江苏省
, 苏州相城经济开发区永昌泾大道1号漕湖大厦6F
苏州华东镀膜玻璃有限公司 ,江苏省
, 苏州市吴中经济开发区越溪街道天鹅荡路18号
浙江太子龙实业发展有限公司 ,浙江省
, 杭州市萧山区江东工业园区江东四路以北光明中直河以东
新丽传媒股份有限公司 ,浙江省
, 浙江横店影视产业实验区C1-018-A
上海中河金属股份有限公司 ,上海市
, 上海市奉贤区柘林镇胡桥社区科工路1399号
中昌恒远控股有限公司 ,北京市
, 北京市海淀区创业路8号4号楼5层4-2-505
宿迁市金田塑业有限公司 ,江苏省
, 宿迁经济开发区通湖大道
芜湖金牛电气股份有限公司 ,安徽省
, 安徽省芜湖市南陵经济开发区古亭路
山东博特精工股份有限公司 ,山东省
, 济宁市任城区经济开发区山博路1号
上海三航奔腾建设工程有限公司 ,上海市
, 宝山区逸仙路2816号
天津市天联滨海复合材料有限公司 ,天津市
, 天津开发区汉沽现代产业区泰山路28号
安徽华安达集团工艺品有限公司 ,安徽省
, 安徽省六安市霍邱县临水镇北首
武汉天捷重型装备股份有限公司 ,湖北省
, 汉南区纱帽街江下村777号
浙江大东吴集团钢构有限公司 ,浙江省
, 浙江省湖州市三里桥路685号
湖州南太湖龟鳖特种养殖有限公司 ,浙江省
, 湖州市吴兴区环渚乡龙溪村
江苏飞达钻头股份有限公司 ,江苏省
, 江苏丹阳市丹北镇后巷飞达村
北京德鑫泉物联网科技股份有限公司 ,北京市
, 北京市北京经济技术开发区科创十四街99号7幢1101室
湖北黄山头酒业有限公司 ,湖北省
, 公安县藕池镇民主街大西门
新达通科技股份有限公司 ,广东省
, 深圳市南山区科技中二路深圳软件园13#楼601
孝昌杰行体育用品有限公司 ,湖北省
, 孝昌县新苑街120号
湖北华丽食品股份有限公司 ,湖北省
, 罗田县栗子坳工业园区（开发区）
福建省三明纺织股份有限公司 ,福建省
, 梅列区新市北路
宁夏为民实业有限公司 ,宁夏回族自治区
, 大武口区永乐北路16号
北京桀亚莱福生物技术有限责任公司 ,北京市
, 北京市海淀区农大南路88号1号楼B座四层B403室
浙江画之都文化创意股份有限公司 ,浙江省
, 义乌市稠江经济开发区戚继光路136号
浙江浙大网新图灵信息科技有限公司 ,浙江省
, 杭州市滨江区滨安路1197号6幢425室
山东泰丰制动系统科技股份有限公司 ,山东省
, 寿光市东城工业园
江苏中瑞路桥建设有限公司 ,江苏省
, 泰州市农业开发区站北路6号标准厂房C1
重庆三友机器制造有限责任公司 ,重庆市
, 重庆市璧山区璧泉街道河西工业园
安徽恩龙园林股份有限公司 ,安徽省
, 宁国市津河西路南侧90#
山东新宇包装股份有限公司 ,山东省
, 山东省临邑县临盘镇工业园
武汉新昌印务有限公司 ,湖北省
, 武汉金银湖生态商务城金银湖东路2号（11）
云南路建集团实业有限公司 ,云南省
, 云南省昆明市官渡区关上关平路2号
江苏龙腾坤鑫建设发展有限公司 ,江苏省
, 扬州市江都区仙女镇引江路17号
安徽金农生物技术有限公司 ,安徽省
, 安徽省合肥市长江西路669号AJ-3
北京清研利华石油化学技术有限公司 ,北京市
, 北京市海淀区中关村南大街5号683号楼理工科技大厦14层1411室
江苏大宏纺织集团股份有限公司 ,江苏省
, 盐城市亭湖区盐东镇东南纺织工业园区
苏州松鹤楼饮食文化有限公司 ,江苏省
, 苏州市临顿路98号409G室
山东润峰集团新能源科技有限公司 ,山东省
, 山东省微山经济开发区润峰工业园
江苏宇迪光学股份有限公司 ,江苏省
, 如东县双甸镇工业园区
武汉南华黄冈江北造船有限公司 ,湖北省
, 黄冈市汽南路9号
浙江骆氏减震件股份有限公司 ,浙江省
, 浙江省玉环县汽摩工业园区
湖州珍贝羊绒制品有限公司 ,浙江省
, 湖州市织里镇318织里段888号
山东中文实业集团有限公司 ,山东省
, 青州市庙子镇大牟村
连云港桃盛熔融石英有限公司 ,江苏省
, 江苏省东海县桃林镇石埠开发区
中成新星油田工程技术服务股份有限公司 ,北京市
, 北京市昌平区科技园区超前路9号B座251号
浙江浦江百炼化工有限公司 ,浙江省
, 浦江县百炼大道85号
天津市海王星海上工程技术股份有限公司 ,天津市
, 滨海高新区华苑产业区工华道壹号IT园-601
江苏山河水泥有限公司 ,江苏省
, 金湖县北兴路北侧、新兴路西侧
连云港市东海县宏伟石英制品有限公司 ,江苏省
, 东海县驼峰新区
大连东霖食品股份有限公司 ,辽宁省
, 辽宁省大连普湾新区石河街道泰海路18号
浙江新三印印染有限公司 ,浙江省
, 绍兴市柯桥区滨海工业区印染集聚区
南通晨曦焊业有限公司 ,江苏省
, 南通市通州区平潮工业园区101号（颜港村）
隆鑫控股有限公司 ,重庆市
, 重庆市九龙坡区石坪桥横街特5号
浙江森禾花卉科技有限公司 ,浙江省
, 杭州市西斗门路3号天堂软件园B幢
江苏北极皓天科技有限公司 ,江苏省
, 宜兴经济开发区文庄路
浙江永利经编股份有限公司 ,浙江省
, 浙江省绍兴县湖塘街道西跨湖村
天津市朝日科贸有限公司 ,天津市
, 天津市和平区大理道90号208
山东天宝建设集团有限公司 ,山东省
, 济南市高新区舜华路1118号
钟祥市宏达实业发展有限公司 ,湖北省
, 钟祥市经济开发区西环二路
内蒙古泰弘生态环境发展股份有限公司 ,内蒙古自治区
, 内蒙古自治区包头市九原区萨如拉街道办事处林场院内１０３室
上海市建设机电安装有限公司 ,上海市
, 崇明县城桥镇西门路518号
北京蓝天瑞德环保技术股份有限公司 ,北京市
, 北京市海淀区美和园东区2号楼109
上海游久游戏股份有限公司 ,上海市
, 上海市静安区石门二路333弄3号
河南瑞贝卡发制品股份有限公司 ,河南省
, 河南省许昌县尚集产业集聚区昌盛路666号
贵州长征天成控股股份有限公司 ,贵州省
, 贵州省贵州省遵义市武汉路临1号
丰汇租赁有限公司 ,辽宁省
, 北京市西城区复兴门内大街28号凯晨世贸中心东座F3层E307-308单元
北京思倍驰科技股份有限公司 ,北京市
, 北京市海淀区苏州街18号院长远天地大厦4号楼1707室
美好置业集团股份有限公司 ,云南省
, 云南省昆明市国防路129号恒安写字楼5楼
银基烯碳新材料股份有限公司 ,辽宁省
, 沈阳市沈河区青年大街109号
宏润建设集团股份有限公司 ,浙江省
, 象山县丹城镇建设东路２６２号
华孚色纺股份有限公司 ,安徽省
, 安徽省淮北市濉溪路庆相桥
重庆宗申动力机械股份有限公司 ,重庆市
, 重庆市巴南区炒油场
成都市新筑路桥机械股份有限公司 ,四川省
, 成都市四川新津工业园区
内蒙古远兴能源股份有限公司 ,内蒙古自治区
, 内蒙古自治区鄂尔多斯市东胜区伊煤南路１４号创业大厦Ｂ座１６层
广东海大集团股份有限公司 ,广东省
, 广东省广州市番禺区南村镇南村村北大街18号之六
新希望六和股份有限公司 ,四川省
, 四川省绵阳市国家高新技术产业开发区
大亚科技股份有限公司 ,江苏省
, 江苏省丹阳经济技术开发区金陵西路95号
国脉科技股份有限公司 ,福建省
, 福州市马尾区江滨东大道116号
软控股份有限公司 ,山东省
, 青岛市保税区纽约路2号
北京信威通信技术股份有限公司 ,北京市
, 北京市海淀区东北旺西路8号中关村软件园7号楼
浙江中欣化工股份有限公司 ,浙江省
, 杭州湾上虞经济技术开发区
深圳市嘉力达实业有限公司 ,广东省
, 深圳市南山区高新南一道创维大厦C座13、14楼
重庆永鹏网络科技股份有限公司 ,重庆市
, 重庆市北部新区高新园黄山大道5号（水星科技大厦南翼6楼1号）
重庆市涪陵区民用爆破器材专营有限公司 ,重庆市
, 重庆市涪陵区太极大道78号
龙岩北山煤矿有限责任公司 ,福建省
, 龙岩市新罗区适中镇仁和村
安徽宣酒集团股份有限公司 ,安徽省
, 安徽省宣城市北门工业干道28号
北京联飞翔科技股份有限公司 ,北京市
, 北京市东城区安定门东大街28号A710
佛山市建通混凝土制品有限公司 ,广东省
, 佛山市禅城区张槎镇玉带沙工业区
漳州发展水务集团有限公司 ,福建省
, 漳州市芗城区胜利东路漳州发展广场第16层
广东乐陶陶药业股份有限公司 ,广东省
, 广州市荔湾区西塱东西路工业区3号之一
常州长青交通科技股份有限公司 ,江苏省
, 常州市新北区河海西路300号
佛山市富士宝电器科技股份有限公司 ,广东省
, 佛山市禅城区南庄镇杏吉路段杏头工业区
北京海吉星医疗科技有限公司 ,北京市
, 北京市海淀区学清路38号金码大厦B座1209
常州科研试制中心有限公司 ,江苏省
, 常州市钟楼区棕榈路56号
北京中关村四环医药开发有限责任公司 ,北京市
, 北京市海淀区太平路27号
北京中实混凝土有限责任公司 ,北京市
, 北京市海淀区四季青乡巨山村
浩蓝环保股份有限公司 ,广东省
, 广州市萝岗区中新广州知识城凤凰一横路313号自编137房
北京派特罗尔油田服务股份公司 ,北京市
, 北京市丰台区星火路1号9层BCD间
内蒙古奈伦农业科技股份有限公司 ,内蒙古自治区
, 内蒙古自治区呼和浩特市新城区艺术厅南街２２号（奈伦商务中心）
北京九恒星科技股份有限公司 ,北京市
, 北京市海淀区中关村南一条2号5、6、7层
中科恒源科技股份有限公司 ,湖南省
, 北京市密云县经济开发区西统路8号西田各庄镇政府办公楼508室-7
广东德豪润达电气股份有限公司 ,广东省
, 广东省珠海市香洲区唐家湾镇金凤路1号
三维通信股份有限公司 ,浙江省
, 杭州市火炬大道581号
上海莱士血液制品股份有限公司 ,上海市
, 上海市奉贤区望园路2009号
广州毅昌科技股份有限公司 ,广东省
, 广州市高新技术产业开发区科学城科丰路29号
广东金刚玻璃科技股份有限公司 ,广东省
, 汕头市大学路叠金工业区
浙江传化股份有限公司 ,浙江省
, 杭州市萧山经济技术开发区
黑牛食品股份有限公司 ,广东省
, 汕头市金平区岐山北工业片区02－02号地块
深圳广田装饰集团股份有限公司 ,广东省
, 深圳市罗湖区沿河北路1003号京基东方都会大厦1-2层
浙江大立科技股份有限公司 ,浙江省
, 杭州市滨江区滨康路639号
山东墨龙石油机械股份有限公司 ,山东省
, 山东省寿光市文圣街999号
浙江省围海建设集团股份有限公司 ,浙江省
, 宁波市高新区广贤路1009号
广州普邦园林股份有限公司 ,广东省
, 广州市越秀区寺右新马路南二街一巷14－20号首层
荣信电力电子股份有限公司 ,辽宁省
, 鞍山高新区鞍千路261号
希努尔男装股份有限公司 ,山东省
, 诸城市东环路58号
青岛市恒顺众昇集团股份有限公司 ,山东省
, 青岛市城阳区流亭街道双元路西侧(空港工业聚集区)
青岛金王应用化学股份有限公司 ,山东省
, 青岛即墨市环保产业园
格林美股份有限公司 ,广东省
, 深圳市宝安区宝安中心区兴华路南侧荣超滨海大厦A栋20层2008号房(仅限办公)
江西正邦科技股份有限公司 ,江西省
, 江西省南昌高新技术开发区艾溪湖一路569号
中顺洁柔纸业股份有限公司 ,广东省
, 中山市东升镇坦背胜龙村
深圳市科陆电子科技股份有限公司 ,广东省
, 深圳市南山区科技园北区宝深路科陆大厦A座13-24楼（邮编：518057）
浙江银轮机械股份有限公司 ,浙江省
, 浙江省天台县福溪街道始丰东路8号
深圳市芭田生态工程股份有限公司 ,广东省
, 深圳市南山区高新技术园粤兴二道10号7楼、8楼
四川科伦药业股份有限公司 ,四川省
, 成都市新都卫星城工业开发区南二路
广东南洋电缆集团股份有限公司 ,广东省
, 汕头市珠津工业区珠津二街1号
深圳翰宇药业股份有限公司 ,广东省
, 深圳市南山区高新技术工业园中区翰宇生物医药园办公大楼四层
好想你枣业股份有限公司 ,河南省
, 新郑市薛店镇
山东阳谷华泰化工股份有限公司 ,山东省
, 阳谷县清河西路217号(原南环路217号)
华邦生命健康股份有限公司 ,重庆市
, 重庆市渝北区人和星光大道69号
广东锦龙发展股份有限公司 ,广东省
, 广东省东莞市南城区鸿福路106号南峰中心第十二层
北京大北农科技集团股份有限公司 ,北京市
, 北京市海淀区中关村大街27号14层
上海嘉麟杰纺织品股份有限公司 ,上海市
, 上海市金山区亭林镇亭枫公路1918号
浙江万马股份有限公司 ,浙江省
, 浙江省临安经济开发区南环路88号
欣旺达电子股份有限公司 ,广东省
, 深圳市宝安区石岩街道石龙社区颐和路2号综合楼1楼、2楼A-B区、2楼D区-9楼
东江环保股份有限公司 ,广东省
, 深圳市南山区高新区北区朗山路9号东江环保大楼1楼、3楼、8楼北面、9-12楼
安徽金禾实业股份有限公司 ,安徽省
, 安徽省滁州市来安县城东大街127号
雏鹰农牧集团股份有限公司 ,河南省
, 新郑市薛店镇
东莞市搜于特服装股份有限公司 ,广东省
, 东莞市道滘镇昌平第二工业区第一栋
江苏中超控股股份有限公司 ,江苏省
, 宜兴市西郊工业园振丰东路999号
金亚科技股份有限公司 ,四川省
, 成都市蜀西路50号
海南瑞泽新型建材股份有限公司 ,海南省
, 海南省三亚市崖城镇创意产业园区中央大道9号
广东奥飞动漫文化股份有限公司 ,广东省
, 广东省汕头市澄海区文冠路中段奥迪工业园
北京嘉寓门窗幕墙股份有限公司 ,北京市
, 北京市顺义区牛栏山牛富路1号
苏宁云商集团股份有限公司 ,江苏省
, 南京市山西路8号金山大厦1-5层
深圳欧菲光科技股份有限公司 ,广东省
, 深圳市光明新区公明街道松白公路华发路段欧菲光科技园
常州天晟新材料股份有限公司 ,江苏省
, 常州市龙锦路508号
比亚迪股份有限公司 ,广东省
, 深圳市龙岗区葵涌镇延安路
上海美特斯邦威服饰股份有限公司 ,上海市
, 上海市浦东新区康桥镇康桥东路800号
广东万家乐股份有限公司 ,广东省
, 广东省佛山市顺德区大良街道顺峰山工业区
珠海中富实业股份有限公司 ,广东省
, 珠海市香洲区湾仔南湾南路6006号
福建圣农发展股份有限公司 ,福建省
, 福建省光泽县十里铺圣农总部办公大楼
万向钱潮股份有限公司 ,浙江省
, 浙江省杭州市萧山区万向路
浙江康盛股份有限公司 ,浙江省
, 浙江省淳安县千岛湖镇康盛路268号
浙江亚厦装饰股份有限公司 ,浙江省
, 上虞章镇工业新区
湖北国创高新材料股份有限公司 ,湖北省
, 武汉市东湖开发区华光大道18号
浙江万丰奥威汽轮股份有限公司 ,浙江省
, 浙江省新昌县工业区
浙江富春江环保热电股份有限公司 ,浙江省
, 浙江省富阳市灵桥镇春永路188号
海南海药股份有限公司 ,海南省
, 海口市秀英区南海大道西66号
浙江向日葵光能科技股份有限公司 ,浙江省
, 浙江省绍兴袍江工业区三江路
袁隆平农业高科技股份有限公司 ,湖南省
, 长沙市芙蓉区远大二路马坡岭农业高科技园内
联化科技股份有限公司 ,浙江省
, 浙江省台州市黄岩经济开发区永椒路8号
成都市新都化工股份有限公司 ,四川省
, 四川省成都市新都工业开发区南二路
苏州天沃科技股份有限公司 ,江苏省
, 张家港市金港镇后塍澄杨路
浙江明牌珠宝股份有限公司 ,浙江省
, 浙江省绍兴市柯桥区福全工业区
棕榈园林股份有限公司 ,广东省
, 中山市小榄镇新华中路120号向明大厦11C
中科云网科技集团股份有限公司 ,北京市
, 北京市海淀区上地七街1号2号楼3层
广州智光电气股份有限公司 ,广东省
, 广州市黄埔区埔南路51号
浙江海翔药业股份有限公司 ,浙江省
, 浙江省台州市椒江区外沙支路100号
华西能源工业股份有限公司 ,四川省
, 自贡市高新工业园区荣川路66号
江苏联发纺织股份有限公司 ,江苏省
, 江苏省海安县城东镇恒联路88号
山东恒邦冶炼股份有限公司 ,山东省
, 烟台市牟平区水道镇
浙江景兴纸业股份有限公司 ,浙江省
, 浙江省平湖市曹桥镇
北京蓝色光标品牌管理顾问股份有限公司 ,北京市
, 北京市朝阳区酒仙桥北路9号(厂区)10幢二层A5-01
厦门合兴包装印刷股份有限公司 ,福建省
, 厦门市同安区同集北路556号
东莞勤上光电股份有限公司 ,广东省
, 东莞市常平镇横江厦村
江苏康得新复合材料股份有限公司 ,北京市
, 江苏环保新材料产业园晨港路北侧、港华路西侧
露笑科技股份有限公司 ,浙江省
, 诸暨市店口镇露笑路38号
芜湖亚夏汽车股份有限公司 ,安徽省
, 安徽省芜湖市鸠江区弋江北路花塘村
广州市香雪制药股份有限公司 ,广东省
, 广州市萝岗区广州经济技术开发区科学城金峰园路2号
包头东宝生物技术股份有限公司 ,内蒙古自治区
, 内蒙古自治区包头市稀土高新技术产业开发区黄河大街４６号
浙江盾安人工环境股份有限公司 ,浙江省
, 浙江省诸暨市店口工业区
湖南大康牧业股份有限公司 ,湖南省
, 怀化市鹤城区鸭嘴岩工业园3栋
江苏中泰桥梁钢构股份有限公司 ,江苏省
, 江阴经济开发区靖江园区同康路15号
苏州金螳螂建筑装饰股份有限公司 ,江苏省
, 苏州工业园区民营工业区内
华东医药股份有限公司 ,浙江省
, 杭州市延安路468号1号楼1号门9、10楼
深圳市沃尔核材股份有限公司 ,广东省
, 深圳市坪山新区兰景北路沃尔工业园
东旭光电科技股份有限公司 ,河北省
, 石家庄市高新区黄河大道9号
岭南园林股份有限公司 ,广东省
, 东莞市东城区光明大道27号金丰大厦A栋301室
深圳市怡亚通供应链股份有限公司 ,广东省
, 深圳市福田区深南中路3039号国际文化大厦2701B
吉林利源精制股份有限公司 ,吉林省
, 吉林省辽源民营经济开发区友谊工业园区
浙江万里扬变速器股份有限公司 ,浙江省
, 浙江省金华市宾虹西路3999号
荣盛石化股份有限公司 ,浙江省
, 萧山区益农镇红阳路98号
中弘控股股份有限公司 ,安徽省
, 安徽省宿州市浍水路271号
安徽省司尔特肥业股份有限公司 ,安徽省
, 安徽省宁国经济技术开发区
郴州市金贵银业股份有限公司 ,湖南省
, 郴州市苏仙区白露塘镇福城大道1号（湖南郴州高新技术产业园内）
河北海伟交通设施集团有限公司 ,河北省
, 景县留府工业区
深圳市证通电子股份有限公司 ,广东省
, 深圳市南山区南油天安工业村八座3A单元
东华能源股份有限公司 ,江苏省
, 张家港保税区出口加工区东华路668号
深圳市立业集团有限公司 ,广东省
, 深圳市福田区福华一路免税商务大厦塔楼8层20-26号单元
深圳市爱施德股份有限公司 ,广东省
, 深圳市福田区泰然大道东泰然劲松大厦20F
北京利尔高温材料股份有限公司 ,北京市
, 北京市昌平区小汤山镇小汤山工业园四号楼
星辉互动娱乐股份有限公司 ,广东省
, 汕头市澄海区星辉工业园（上华镇夏岛路北侧）
荣安地产股份有限公司 ,浙江省
, 海曙区灵桥路513号(14-12)
中油金鸿能源投资股份有限公司 ,吉林省
, 吉林市高新区恒山西路108号
金科地产集团股份有限公司 ,重庆市
, 重庆市江北区复盛镇正街（政府大楼）
浙江允升投资集团有限公司 ,浙江省
, 嘉兴市广益路1319号中创电气商贸园1幢505室-1
亿阳集团股份有限公司 ,黑龙江省
, 哈尔滨市南岗区嵩山路高新技术开发区１号楼
深圳宝航建设集团股份有限公司 ,广东省
, 深圳市宝安区西乡镇鹤洲路口41号3号厅2楼
江苏嘉隆工程建设有限公司 ,江苏省
, 泗阳县众兴镇北京西路9号
深圳市佳鸿贸易发展有限公司 ,广东省
, 深圳市罗湖区延芳路口东益华鹏汽车交易广场A区1号
泰州市三泰船业有限公司 ,江苏省
, 泰州市口岸镇口永路58号
广东科达洁能股份有限公司 ,广东省
, 广东省佛山市顺德区陈村镇广隆工业园环镇西路1号
冠县港海薄板有限公司 ,山东省
, 冠县鲁西新世纪工业园
新疆生产建设兵团农八师天山铝业有限公司 ,新疆维吾尔自治区
, 新疆石河子开发区北四东路49号
重庆市德感建筑安装工程有限公司 ,重庆市
, 重庆市江津区德感正街339号
济源市济晋高速公路有限公司 ,河南省
, 五龙口镇北官庄村
新城控股集团股份有限公司 ,江苏省
, 常州市武进区武宜北路19号湖塘镇吾悦广场
远东控股集团有限公司 ,江苏省
, 江苏省宜兴市高塍镇远东大道6号
瑞安华峰小额贷款股份有限公司 ,浙江省
, 瑞安市安阳新区万松东路华峰专家楼一楼西北侧
天津东丽湖能源科技有限公司 ,天津市
, 天津市东丽区旅游局培训中心内
大连棒棰岛海产股份有限公司 ,辽宁省
, 辽宁省大连市金州区五一路987号
武汉当代科技产业集团股份有限公司 ,湖北省
, 洪山区鲁磨路３６９号
红星美凯龙家居集团股份有限公司 ,上海市
, 上海市浦东新区临御路518号6楼F801室
浙江吉利控股集团有限公司 ,浙江省
, 杭州市滨江区江陵路1760号
山东三星集团有限公司 ,山东省
, 邹平县韩店镇
上海红星美凯龙投资有限公司 ,上海市
, 上海市浦东新区莲林路15号1幢409室
西王集团有限公司 ,山东省
, 山东省邹平县西王工业园
内蒙古双欣能源化工有限公司 ,内蒙古自治区
, 内蒙古自治区鄂尔多斯市棋盘井镇工业园
世纪金源投资集团有限公司 ,北京市
, 北京市海淀区远大路1号金源时代购物中心650号
浙江京新控股有限公司 ,浙江省
, 新昌县羽林街道羽林路53号1幢
浙江亘古电缆股份有限公司 ,浙江省
, 临海市大洋街道沈南路167号
北京华联综合超市股份有限公司 ,北京市
, 北京市西城区阜外大街1号四川经贸大厦负2层3号
山东南山铝业股份有限公司 ,山东省
, 龙口市东江镇前宋村
海南海岛建设股份有限公司 ,海南省
, 海南省海口市美兰区大英山西四路9号
海航投资集团股份有限公司 ,辽宁省
, 辽宁省大连市中山区长江路123号长江写字楼2129
横店集团东磁股份有限公司 ,浙江省
, 东阳市横店工业区
西安民生集团股份有限公司 ,陕西省
, 西安市解放路103号
渤海租赁股份有限公司 ,新疆维吾尔自治区
, 新疆乌鲁木齐市沙依巴克区黄河路93号
上海世茂建设有限公司 ,上海市
, 上海市浦东新区民生路600号16幢401室
增城市碧桂园物业发展有限公司 ,广东省
, 广州市增城市新塘镇永和岗丰村
深圳市优凯思投资顾问有限公司 ,广东省
, 深圳市宝安区兴华路南侧龙光世纪大厦1栋2002（办公场所）
天瑞集团水泥有限公司 ,河南省
, 河南省汝州市临汝镇东营村北
大连亿达发展有限公司 ,辽宁省
, 辽宁省大连市沙河口区东北路93号
湖南盈德气体有限公司 ,湖南省
, 湖南省株洲市天元区长江广场保利大厦B座2207室
江苏恒顺达生物能源有限公司 ,江苏省
, 镇江新区粮山路88号
江苏科地现代农业有限公司 ,江苏省
, 宜兴环保科技工业园兴业路
湖州厉华妤婕联合纺织有限公司 ,浙江省
, 湖州市吴兴区八里店镇宜船湾村
莒南县鸿润食品有限公司 ,山东省
, 山东莒南经济开发区(岚济路北侧)
泰州新生源生物医药有限公司 ,江苏省
, 泰州市药城大道801号.
广西万通房地产有限公司 ,广西壮族自治区
, 南宁市民族大道63号阳光100城市广场T3段18层1803房
福建省求质体育用品有限公司 ,福建省
, 晋江市陈埭镇岸兜南工业区
浙江欧亚薄膜材料有限公司 ,浙江省
, 浙江省绍兴县滨海工业开发区
厦门禹洲鸿图地产开发有限公司 ,福建省
, 厦门市海沧翁角路616号306室
广州番禺海怡房地产开发有限公司 ,广东省
, 
内蒙古阜丰生物科技有限公司 ,内蒙古自治区
, 内蒙古自治区呼和浩特市经济技术开发区金川区经二路
汕头花园集团有限公司 ,广东省
, 汕头市衡山路71号
广州富力地产股份有限公司 ,广东省
, 广州市天河区珠江新城华夏路10号富力中心45-54楼(仅限办公）
北京华业资本控股股份有限公司 ,北京市
, 北京市朝阳区东四环中路39号A座16层
华新水泥股份有限公司 ,湖北省
, 黄石市黄石大道897号
河南中孚实业股份有限公司 ,河南省
, 巩义市新华路３１号
重庆市迪马实业股份有限公司 ,重庆市
, 重庆市南岸区长电路8号
中国国际贸易中心股份有限公司 ,国家总局
, 朝阳区建国门外大街1号
广州东华实业股份有限公司 ,广东省
, 广州市越秀区寺右新马路170号4楼
协鑫集成科技股份有限公司 ,上海市
, 上海市奉贤区南桥镇江海经济园区
深圳市中洲投资控股股份有限公司 ,广东省
, 深圳市福田区百花五路长源楼
上海大名城企业股份有限公司 ,上海市
, 上海市闵行区红松东路1116号1幢5楼A区
洲际油气股份有限公司 ,海南省
, 海口市西沙路28号
奥园集团有限公司 ,广东省
, 广州市番禺区桥南街番禺奥林匹克花园办公楼
东飞马佐里纺机有限公司 ,江苏省
, 东台市城东新区南庄村
奥盛新材料股份有限公司 ,安徽省
, 马鞍山市昭明路
苏州第壹制药有限公司 ,江苏省
, 苏州工业园区华凌街1号
扬州威亨热电有限公司 ,江苏省
, 扬州市开发东路7号
武汉凯迪电力工程有限公司 ,湖北省
, 武汉市江夏区庙山开发区江夏大道特1号
北京安德固脚手架工程有限公司 ,北京市
, 北京市顺义区高丽营镇金马工业区北京吉普厂房
山东博瑞格生物资源制品有限公司 ,山东省
, 山东莱城工业区
申环电缆科技有限公司 ,江苏省
, 宜兴市官林镇新宜金公路北侧（兴都路西）
诸城威仕达机械有限公司 ,山东省
, 山东省潍坊市诸城市昌城镇小下泊村
海宁森德皮革有限公司 ,浙江省
, 海宁市斜桥镇庆云工业园区
浙江富立轴承钢管有限公司 ,浙江省
, 嵊州经济开发区城东分区
华融融德资产管理有限公司 ,国家总局
, 北京市北京经济技术开发区科创十四街99号2号楼B115室
远东国际租赁有限公司 ,上海市
, 中国（上海）自由贸易试验区世纪大道88号金茂大厦35楼02－04室
山东如意科技集团有限公司 ,山东省
, 济宁高新区如意工业园
中国交通建设股份有限公司 ,国家总局
, 德胜门外大街85号
大唐国际发电股份有限公司 ,国家总局
, 北京市西城区广宁伯街9号
华能国际电力股份有限公司 ,国家总局
, 北京市西城区复兴门内大街6号(华能大厦)
中国长江电力股份有限公司 ,国家总局
, 玉渊潭南路1号B座
唐山三友化工股份有限公司 ,河北省
, 河北省唐山市南堡开发区
龙源电力集团股份有限公司 ,国家总局
, 北京市海淀区白石桥路7号理工科技大厦12层1206室
中国中铁股份有限公司 ,国家总局
, 北京市丰台区南四环西路128号院1号楼918
北京首都国际机场股份有限公司 ,国家总局
, 顺义区北京空港物流园区绿生路２号
中国石油化工股份有限公司 ,国家总局
, 北京市朝阳区朝阳门北大街22号
海洋石油工程股份有限公司 ,天津市
, 天津空港经济区西二道82号丽港大厦裙房二层202-F105室
国电电力发展股份有限公司 ,辽宁省
, 辽宁省大连经济技术开发区黄海西路4号
际华集团股份有限公司 ,国家总局
, 北京市丰台区南四环西路188号十五区6号楼
盛和资源控股股份有限公司 ,山西省
, 太原高新技术产业开发区亚日街2号
中国铁建房地产集团有限公司 ,北京市
, 北京市石景山区阜石路166号泽洋大厦第16层
中国五矿股份有限公司 ,国家总局
, 北京市海淀区三里河路5号
河南平高电气股份有限公司 ,河南省
, 平顶山市南环东路２２号
正奇安徽金融控股有限公司 ,安徽省
, 安徽省合肥市庐阳区阜南路169号招行大厦12-15层
中国第一重型机械股份公司 ,国家总局
, 黑龙江省齐齐哈尔市富拉尔基区红宝石办事处厂前路9号
中海发展股份有限公司 ,上海市
, 中国（上海）自由贸易试验区业盛路188号A-1015室
中国电力建设股份有限公司 ,国家总局
, 北京市海淀区车公庄西路22号
华能新能源股份有限公司 ,国家总局
, 北京市海淀区复兴路甲23号10、11层
广西桂冠电力股份有限公司 ,广西壮族自治区
, 南宁市青秀区民族大道１２６号
中储发展股份有限公司 ,天津市
, 中国天津市北辰经济开发区开发大厦
宝胜科技创新股份有限公司 ,江苏省
, 江苏省宝应县安宜镇苏中路1号
第一拖拉机股份有限公司 ,河南省
, 河南省洛阳市建设路154号
国药控股股份有限公司 ,上海市
, 上海市黄浦区福州路221号六楼
中信重工机械股份有限公司 ,河南省
, 洛阳市涧西区建设路206号
哈尔滨电气股份有限公司 ,黑龙江省
, 哈尔滨市南岗区高科技生产基地３号楼
中国国际航空股份有限公司 ,国家总局
, 空港工业区天柱路28号蓝天大厦
大秦铁路股份有限公司 ,国家总局
, 山西省大同市站北街14号
中航重机股份有限公司 ,贵州省
, 贵州省贵州省贵阳市小河区锦江路110号
中国大唐集团新能源股份有限公司 ,国家总局
, 石景山区八大处高科技园区西井路3号1号楼149房间
保定天威保变电气股份有限公司 ,河北省
, 保定市天威西路2222号
新疆八一钢铁股份有限公司 ,新疆维吾尔自治区
, 新疆乌鲁木齐市头屯河区新钢路
武汉钢铁股份有限公司 ,湖北省
, 青山区沿港路３号
舟山港集团有限公司 ,浙江省
, 舟山市定海港码头1号
中国外运股份有限公司 ,国家总局
, 北京市海淀区西直门北大街甲４３号
华电福新能源股份有限公司 ,福建省
, 福州市鼓楼区五四路111号宜发大厦25层
中国东方航空股份有限公司 ,上海市
, 上海市浦东新区国际机场机场大道66号
岳阳林纸股份有限公司 ,湖南省
, 岳阳市岳阳楼区城陵矶光明路
中国中车股份有限公司 ,国家总局
, 北京市海淀区西四环中路16号
国投电力控股股份有限公司 ,甘肃省
, 北京市西城区西直门南小街147号楼11层1108
中铁铁龙集装箱物流股份有限公司 ,辽宁省
, 辽宁省大连高新技术产业园区火炬路32号创业大厦A座2716号
北京中电华强焊接工程技术有限公司 ,北京市
, 北京市大兴区瀛海镇经二路6号
安泰科技股份有限公司 ,北京市
, 北京市海淀区学院南路76号
新兴铸管股份有限公司 ,河北省
, 武安市上洛阳村北
华润三九医药股份有限公司 ,广东省
, 深圳市龙华新区观澜高新园区观清路1号
贵州久联民爆器材发展股份有限公司 ,贵州省
, 贵州省贵州省贵阳市高新技术开发区新天园区
中航光电科技股份有限公司 ,河南省
, 洛阳高新技术开发区周山路10号
深圳赤湾石油基地股份有限公司 ,广东省
, 深圳市南山区蛇口赤湾
广州杰赛科技股份有限公司 ,广东省
, 广州市海珠区新港中路381号
深圳赤湾港航股份有限公司 ,广东省
, 深圳市蛇口工业区赤湾
重庆长安汽车股份有限公司 ,重庆市
, 重庆市江北区建新东路260号
中建西部建设股份有限公司 ,新疆维吾尔自治区
, 新疆乌鲁木齐经济技术开发区泰山路268号
佛山华新包装股份有限公司 ,广东省
, 佛山市禅城区季华五路18号
北方华锦化学工业股份有限公司 ,辽宁省
, 辽宁省盘锦市双台子区红旗大街
航天工业发展股份有限公司 ,福建省
, 福州市台江区五一南路67号
广东东方锆业科技股份有限公司 ,广东省
, 广东省汕头市澄海区莱美路宇田科技园
中房地产股份有限公司 ,重庆市
, 重庆市江北区观音桥建新北路86号
武汉南国置业股份有限公司 ,湖北省
, 武汉市武昌区南湖中央花园会所
杭州市城市建设发展有限公司 ,浙江省
, 杭州市江干区新塘路33-35号12、13层
珠海华城环保科技有限公司 ,广东省
, 珠海市高栏港经济区石油化工区北五路成城沥青化验楼301室
中信房地产股份有限公司 ,国家总局
, 北京市朝阳区新源南路6号
邦信资产管理有限公司 ,广东省
, 北京市西城区闹市口大街1号院4号楼9层D、E
中信产业投资基金管理有限公司 ,四川省
, 绵阳科技城科教创业园区孵化大楼C区
中城建第六工程局集团有限公司 ,安徽省
, 安徽省蚌埠市经济开发区东海大道3107号4楼
华宝投资有限公司 ,上海市
, 上海市浦东新区世纪大道100号59层西区
中国航空技术国际控股有限公司 ,国家总局
, 北京市朝阳区北辰东路18号
中国南方航空股份有限公司 ,广东省
, 广东省广州市萝岗区经济技术开发区开发大道233号203房
方兴地产投资管理（上海）有限公司 ,上海市
, 上海市浦东新区世纪大道88号金茂大厦7层706C室
包钢综企（集团）共兴冶金粉末有限公司 ,内蒙古自治区
, 包钢厂区（包钢劳服公司焊管综合厂院内）
阳泉煤业（集团）股份有限公司 ,山西省
, 山西省阳泉市北大街5号
天津市房地产发展（集团）股份有限公司 ,天津市
, 和平区常德道80号
上海国际港务（集团）股份有限公司 ,上海市
, 上海市浦东新区芦潮港镇同汇路1号综合大楼A区4楼
西安建工（集团）有限责任公司 ,陕西省
, 西安市高新区科创路168号西安电子科技大学科技园D座11-26层
北京王府井百货（集团）股份有限公司 ,北京市
, 北京市东城区王府井大街255号
安徽皖江物流（集团）股份有限公司 ,安徽省
, 安徽省芜湖市经济技术开发区内
上海海立（集团）股份有限公司 ,上海市
, 上海市浦东新区金桥出口加工区宁桥路888号
新疆青松建材化工（集团）股份有限公司 ,新疆维吾尔自治区
, 新疆阿克苏地区阿克苏市林园
中炬高新技术实业（集团）股份有限公司 ,广东省
, 中山市中山火炬高技术产业开发区
上海嘉宝实业（集团）股份有限公司 ,上海市
, 嘉定区清河路55号
黑牡丹（集团）股份有限公司 ,江苏省
, 常州市青洋北路47号
甘肃亚盛实业（集团）股份有限公司 ,甘肃省
, 甘肃省兰州市城关区雁兴路21号14楼
重庆市巴南建设（集团）有限公司 ,重庆市
, 重庆市巴南区鱼洞箭河路5号附9号
重庆万盛旅业（集团）有限公司 ,重庆市
, 重庆市万盛区勤俭路25号
重庆市轨道交通（集团）有限公司 ,重庆市
, 重庆市渝中区长江支路25号
扬州绿色产业投资发展控股（集团）有限责任公司 ,江苏省
, 扬州市江阳中路433号
重庆市南州水务（集团）有限公司 ,重庆市
, 重庆市綦江区文龙街道沙溪路22号45幢
保定天威集团（江苏）五洲变压器有限公司 ,江苏省
, 张家港经济开发区（杨舍镇旺西村）
重庆新禹投资（集团）有限公司 ,重庆市
, 重庆市黔江区行署街768号民警新村宿舍A栋2楼1号
深圳市振业（集团）股份有限公司 ,广东省
, 深圳市罗湖区宝安南路2014号振业大厦B座11-17层
重庆对外经贸（集团）有限公司 ,重庆市
, 重庆市北部新区高新园星光大道80号
北京首都开发控股（集团）有限公司 ,北京市
, 北京市西城区三里河三区52号楼
酉阳县桃花源旅游投资（集团）有限公司 ,重庆市
, 重庆市酉阳县钟多镇桃花源大道桃源金水岸
新疆新业国有资产经营（集团）有限责任公司 ,新疆维吾尔自治区
, 新疆乌鲁木齐市天山解放北路339号酒花大厦14楼
常州市城市建设（集团）有限公司 ,江苏省
, 劳动西路12号金谷大厦21层
绵阳市投资控股（集团）有限公司 ,四川省
, 绵阳市滨江西路南段22号（嘉来华庭3楼）
绵阳科技城发展投资（集团）有限公司 ,四川省
, 绵阳科教创业园区
重庆市黔江区城市建设投资（集团）有限公司 ,重庆市
, 重庆市黔江区城西办事处西山步行街749号
遵义红色旅游（集团）有限公司 ,贵州省
, 贵州省遵义市红花岗区子尹路９６号
焦作市建设投资（控股）有限公司 ,河南省
, 焦作市焦东南路5号
眉山发展（控股）有限责任公司 ,四川省
, 眉山市眉州大道东2段5号（眉山市国土资源局内）
上海城开（集团）有限公司 ,上海市
, 上海市徐汇区虹桥路3号港汇中心二座42楼
金地（集团）股份有限公司 ,广东省
, 深圳市福田区福强路金地商业大楼
华锐风电科技（集团）股份有限公司 ,北京市
, 北京市海淀区中关村大街59号文化大厦19层
长江精工钢结构（集团）股份有限公司 ,安徽省
, 安徽省六安市经济技术开发区长江精工工业园
力帆实业（集团）股份有限公司 ,重庆市
, 重庆市沙坪坝区上桥张家湾60号
上海复星医药（集团）股份有限公司 ,上海市
, 曹杨路510号9楼
昆明旅游服务（集团）有限公司 ,云南省
, 昆明市东郊路8号
润百计算机（上海）有限公司 ,上海市
, 上海市浦东新区杨高北路528号14幢123室
重庆市福星门业（集团）有限公司 ,重庆市
, 重庆市九龙坡区马王乡龙泉村129号
乐视网信息技术（北京）股份有限公司 ,北京市
, 北京市海淀区学院南路68号19号楼六层6184号房间
中恒通（福建）机械制造有限公司 ,福建省
, 武平县十方工业集中区A3、A21、A22厂房
山东物流集团（青岛）有限公司 ,山东省
, 青岛保税区莫斯科路40号办公楼216室
德天御生态科技（北京）有限公司 ,北京市
, 北京市海淀区体院西路甲2号10号楼2层230室
重庆渝宏公路工程（集团）有限责任公司 ,重庆市
, 重庆市沙坪坝区朝阳山68号
重庆升厦建设（集团）有限公司 ,重庆市
, 重庆市合川区南办处上什字东路208号
志诚动力科技（杭州）有限公司 ,浙江省
, 杭州经济技术开发区经十路19号
博瑞生物医药技术（苏州）有限公司 ,江苏省
, 苏州工业园区星湖街218号纳米科技园C25栋
派芬自控（上海）股份有限公司 ,上海市
, 上海市杨浦区国定路323号702-60室
黑乳（北京）商贸有限公司 ,北京市
, 北京市朝阳区工人体育场东路甲2号12层1201内1205室
武汉医药（集团）股份有限公司 ,湖北省
, 武汉市江岸区花桥街黄孝河路47号武汉交通信息中心大楼17-18楼
濮阳濮耐高温材料（集团）股份有限公司 ,河南省
, 河南省濮阳县西环路中段
冠科（福建）电子科技实业有限公司 ,福建省
, 晋江市罗山街道后林社区
东君乳业（禹城）有限公司 ,山东省
, 禹城市高新技术开发区
宜华企业（集团）有限公司 ,广东省
, 广东省汕头市澄海区莲下镇大坪工业区
上海大众公用事业（集团）股份有限公司 ,上海市
, 中国（上海）自由贸易试验区浦东新区商城路518号
花样年集团（中国）有限公司 ,广东省
, 深圳市福田区深南大道南泰然九路西喜年中心A座2801房
骏浩科技（中国）有限公司 ,江苏省
, 江苏省丹阳市云阳镇永兴路
华珠（泉州）鞋业有限公司 ,福建省
, 泉州市清蒙科技工业区
丰田通商（上海）有限公司 ,上海市
, 中国（上海）自由贸易试验区美桂北路378号38号楼C部位
优必胜（上海）精密轴承制造有限公司 ,上海市
, 上海市闵行区马桥镇光华路2118号
凡登（常州）新型金属材料技术有限公司 ,江苏省
, 金坛市金西开发区鹏程路66号
泰凌医药（江苏）有限公司 ,江苏省
, 泰州市药城大道1号8号楼402室
顺风光电投资（中国）有限公司 ,江苏省
, 江苏省武进高新技术产业开发区阳湖路99号
复地（集团）股份有限公司 ,上海市
, 上海市普陀区曹杨路510号9楼
环球石材（福建）有限公司 ,福建省
, 福建省南安市水头镇福山二期项目区
圣欧芳纶（江苏）股份有限公司 ,江苏省
, 江苏省吴江市松陵镇八坼社区友谊村11组
保利协鑫（苏州）新能源有限公司 ,江苏省
, 江苏省苏州工业园区华池街时代广场24幢1901
保利房地产（集团）股份有限公司 ,广东省
, 广州市海珠区阅江中路688号保利国际广场30-33层
中化国际（控股）股份有限公司 ,上海市
, 上海市浦东新区世纪大道88号金茂大厦三区十八层
中粮地产（集团）股份有限公司 ,广东省
, 深圳市宝安区新城二区湖滨路
飞亚达（集团）股份有限公司 ,广东省
, 深圳市南山区高新南一道飞亚达科技大厦
中粮生物化学（安徽）股份有限公司 ,安徽省
, 安徽省蚌埠市中粮大道1号
